Joueur,1stIn,1stWon,2ndWon,SvGms,ace,bpFaced,bpSaved,df,ht,minutes,rank,rank_points,surface_winrate,surface_winrate_2y_ago,surface_winrate_lastear,svpt,total_games,age,player_url,residence,birthplace,birthdate,turned_pro,weight_kg,backhand,winner,vic_tournoi_A,vic_tournoi_F,vic_tournoi_G,vic_tournoi_M,vic_tournoi_carpet,vic_tournoi_clay,vic_tournoi_grass,vic_tournoi_hard,hand,country
Adrian Mannarino,47,32,16,12,5,7,4,3,183,106,56,1007,0.4307184482184482,0.4335156416528439,0.4456505813027552,78,25,34.6,http://www.atpworldtour.com/en/players/adrian-mannarino/me82/overview,"Valletta, Malta","Soisy-sous-Montmorency, France",1988-06-29,2004.0,70.0,Two-Handed Backhand,Adrian Mannarino,2.0,,,,,,1.0,1.0,L,FRA
Agustin Calleri,47,32,17,12,7,7,4,4,183,106,53,745,0.45073318850597416,0.4980562200956938,0.3080143540669857,79,25,32.7,http://www.atpworldtour.com/en/players/agustin-calleri/c478/overview,"Buenos Aires, Argentina","Rio Cuarto, Argentina",1976-09-14,1995.0,86.0,One-Handed Backhand,Agustin Calleri,2.0,,,,,2.0,,,R,ARG
Albert Montanes,52,35,15,13,4,7,4,3,175,107,69,694,0.4661351139041634,0.47480379720527294,0.2130597014925373,83,26,36.4,http://www.atpworldtour.com/en/players/albert-montanes/m824/overview,"Barcelona, Spain",Sant Carles de la Rapita,1980-11-26,1999.0,70.0,One-Handed Backhand,Albert Montanes,5.0,,,,,5.0,,,R,ESP
Albert Ramos,47,31,15,12,3,7,4,2,188,114,55,1021,0.43366685178987524,0.4370322251976165,0.39647482586564864,75,24,35.0,,,,,,,,Albert Ramos,2.0,,,,,2.0,,,L,ESP
Alberto Martin,40,26,15,11,2,8,5,3,175,92,67,654,0.33836969395221816,0.3699167822468793,0.34252721388643714,69,22,31.7,http://www.atpworldtour.com/en/players/alberto-martin/m590/overview,"Barcelona, Spain","Barcelona, Spain",1978-08-20,1995.0,73.0,One-Handed Backhand,,,,,,,,,,R,ESP
Alejandro Davidovich Fokina,46,31,10,11,2,6,2,2,183,99,53,1138,0.46172415983736737,0.3142033542976939,0.48967908401870663,68,23,23.6,,,,,,,,,,,,,,,,,R,ESP
Alejandro Falla,40,25,14,11,3,9,5,2,185,91,126,488,0.32332806659453084,0.3413841633793557,0.11979166666666663,69,22,32.2,http://www.atpworldtour.com/en/players/alejandro-falla/f444/overview,"Medellin, Colombia","Cali, Colombia",1983-11-14,2000.0,77.0,Two-Handed Backhand,,,,,,,,,,L,COL
Alex Bogomolov Jr,45,36,10,11,5,5,3,2,178,94,69,798,0.3916851846214727,0.4405701754385965,0.37879256965944275,67,23,30.9,,,,,,,,,,,,,,,,,R,RUS
Alex De Minaur,48,34,17,13,3,6,3,2,183,123,34,1594,0.5649849064330963,0.5143834828617437,0.5880011564404839,80,26,23.9,,,,,,,,Alex De Minaur,4.0,,,,,,1.0,3.0,R,AUS
Alexander Bublik,48,36,15,13,13,7,4,6,196,103,57,1099,0.42925935806421334,0.4426073713902053,0.38125250100040015,81,26,25.6,http://www.atpworldtour.com/en/players/alexander-bublik/bk92/overview,"Gatchina, Russia","Gatchina, Russia",1997-06-17,2014.0,76.0,Two-Handed Backhand,Alexander Bublik,1.0,,,,,,,1.0,R,KAZ
Alexander Zverev,50,38,13,13,9,6,4,4,198,110,20,4542,0.6698469961184823,0.6481809508713898,0.5528364750739407,77,26,25.7,http://www.atpworldtour.com/en/players/alexander-zverev/z355/overview,"Monte Carlo, Monaco","Hamburg, Germany",1997-04-20,2013.0,86.0,Two-Handed Backhand,Alexander Zverev,12.0,2.0,,5.0,,6.0,,13.0,R,GER
Alexandr Dolgopolov,45,33,19,13,8,6,4,2,180,101,36,1338,0.49862316323035144,0.4964372071108314,0.4931485181485181,81,26,29.5,http://www.atpworldtour.com/en/players/alexandr-dolgopolov/d801/overview,"Monte Carlo, Monaco","Kiev, Ukraine",1988-11-07,2006.0,71.0,Two-Handed Backhand,Alexandr Dolgopolov,3.0,,,,,2.0,,1.0,R,UKR
Alexei Popyrin,45,32,14,12,8,7,4,4,196,97,115,615,0.37930170397594387,0.3125,0.27439024390243905,74,24,23.4,,,,,,,,Alexei Popyrin,1.0,,,,,,,1.0,R,AUS
Aljaz Bedene,48,35,18,14,9,6,3,3,181,120,77,768,0.3942877837138331,0.41196987159785536,0.16754772393538914,84,28,33.0,http://www.atpworldtour.com/en/players/aljaz-bedene/bh09/overview,"London, Great Britain","Ljubljana, Slovenia",1989-07-18,2008.0,72.0,Two-Handed Backhand,,,,,,,,,,R,SLO
Andreas Beck,52,35,18,13,5,8,5,5,190,116,95,718,0.3120530012771392,0.34919299931915576,0.0,87,27,28.9,http://www.atpworldtour.com/en/players/andreas-beck/ba86/overview,"Stuttgart, Germany","Weingarten, Germany",1986-02-05,2003.0,89.0,Two-Handed Backhand,,,,,,,,,,L,GER
Andreas Haider Maurer,44,31,16,12,6,8,5,5,190,104,175,497,0.2922660346189757,0.32816192816192813,0.0,81,26,31.1,,,,,,,,,,,,,,,,,R,AUT
Andreas Seppi,47,33,17,12,5,8,5,3,190,107,55,950,0.45538381168623654,0.4584722877208885,0.3802307917031843,81,25,37.9,http://www.atpworldtour.com/en/players/andreas-seppi/sa93/overview,"Caldaro, Italy","Bolzano, Italy",1984-02-21,2002.0,75.0,Two-Handed Backhand,Andreas Seppi,2.0,,,,,1.0,,1.0,R,ITA
Andrei Pavel,51,35,11,11,6,9,6,2,183,95,92,598,0.2939793785852899,0.33946140439646927,0.02922077922077922,78,24,35.6,http://www.atpworldtour.com/en/players/andrei-pavel/p280/overview,USA,"Constanta, Romania",1974-01-27,1995.0,90.0,,,,,,,,,,,R,ROU
Andrey Golubev,47,32,17,12,4,7,4,4,185,106,98,637,0.27705417212128186,0.2857889237199582,0.19379310344827588,80,30,28.1,http://www.atpworldtour.com/en/players/andrey-golubev/g806/overview,"Astana, Kazakhstan","Volzhskij, Russia",1987-07-22,2005.0,79.0,One-Handed Backhand,Andrey Golubev,1.0,,,,,1.0,,,R,KAZ
Andrey Kuznetsov,51,36,17,13,7,7,4,3,185,106,88,670,0.38957299104258625,0.3918133972481799,0.23067632850241546,85,26,31.2,http://www.atpworldtour.com/en/players/andrey-kuznetsov/kb54/overview,"Balashikha, Russia","Tula, Russia",1991-02-22,2008.0,71.0,Two-Handed Backhand,,,,,,,,,,R,RUS
Andrey Rublev,51,37,15,13,6,7,4,3,188,107,44,2381,0.6180937157471684,0.5521856771382387,0.6975392934951758,81,26,25.2,http://www.atpworldtour.com/en/players/andrey-rublev/re44/overview,"Moscow, Russia","Moscow, Russia",1997-10-20,2014.0,68.0,Two-Handed Backhand,Andrey Rublev,13.0,,,,,3.0,,10.0,R,RUS
Andy Murray,45,33,17,12,7,6,4,3,190,114,31,5360,0.7392822656133287,0.7585901758819249,0.4489879493464052,77,25,35.6,http://www.atpworldtour.com/en/players/andy-murray/mc10/overview,"London, England","Glasgow, Scotland",1987-05-15,2005.0,84.0,Two-Handed Backhand,Andy Murray,28.0,1.0,3.0,13.0,1.0,3.0,8.0,33.0,R,GBR
Andy Roddick,50,39,12,12,12,4,3,2,188,101,9,2799,0.7151744146914252,0.7435428421282023,0.6092427760577914,74,26,29.9,http://www.atpworldtour.com/en/players/andy-roddick/r485/overview,"Austin, Texas, USA","Omaha, Nebraska, USA",1982-08-30,2000.0,88.0,Two-Handed Backhand,Andy Roddick,14.0,,,2.0,1.0,1.0,3.0,11.0,R,USA
Arnaud Clement,46,32,19,12,5,8,5,3,173,115,79,651,0.4185092030087848,0.4305579934858502,0.3843952957697033,82,25,34.4,http://www.atpworldtour.com/en/players/arnaud-clement/c487/overview,"Aix-en-Provence, France","Aix-en-Provence, France",1977-12-17,1996.0,74.0,Two-Handed Backhand,Arnaud Clement,2.0,,,,,,,2.0,R,FRA
Aslan Karatsev,49,35,18,13,5,8,5,4,185,126,54,1500,0.49096385542168675,0.17520080321285142,0.28774341061725894,84,26,29.4,http://www.atpworldtour.com/en/players/aslan-karatsev/kc56/overview,,,1993-09-04,,,Two-Handed Backhand,Aslan Karatsev,3.0,,,,,,,3.0,R,RUS
Benjamin Becker,44,32,17,12,8,6,4,3,178,99,77,697,0.3673721596690347,0.37079440192716195,0.13573109567901234,77,25,35.6,http://www.atpworldtour.com/en/players/benjamin-becker/b896/overview,"Dallas, TX, USA","Merzig, Germany",1981-06-16,2005.0,72.0,Two-Handed Backhand,,,,,,,,,,R,GER
Benoit Paire,46,32,19,13,8,9,5,5,196,104,52,1076,0.4372219568965783,0.4641848549122515,0.17599465415456797,85,26,33.3,http://www.atpworldtour.com/en/players/benoit-paire/pd31/overview,"Geneva, Switzerland","Avignon, France",1989-05-08,2007.0,80.0,Two-Handed Backhand,Benoit Paire,3.0,,,,,3.0,,,R,FRA
Bernard Tomic,54,39,14,13,8,7,5,2,193,101,71,974,0.45816181980039006,0.4669416675678023,0.4133674688513398,86,27,28.3,http://www.atpworldtour.com/en/players/bernard-tomic/ta46/overview,"Monte Carlo, Monaco","Stuttgart, Germany",1992-10-21,2008.0,91.0,Two-Handed Backhand,Bernard Tomic,4.0,,,,,,,4.0,R,AUS
Bjorn Phau,40,27,17,11,4,7,4,4,175,94,99,535,0.22964146518694672,0.2209051724137931,0.3658547710271848,74,23,34.3,http://www.atpworldtour.com/en/players/bjorn-phau/p436/overview,"Cologne, Germany","Darmstadt, Germany",1979-10-04,1999.0,70.0,One-Handed Backhand,,,,,,,,,,R,GER
Blaz Kavcic,58,39,16,14,5,9,5,4,188,122,102,547,0.3117567052134422,0.32057588911065016,0.11471225247524752,91,29,31.3,http://www.atpworldtour.com/en/players/blaz-kavcic/k834/overview,"Dubai, U.A.E.","Ljubljana, Slovenia",1987-03-05,2005.0,78.0,Two-Handed Backhand,,,,,,,,,,R,SLO
Borna Coric,50,36,16,13,6,6,4,2,188,117,59,1192,0.5178533741146569,0.4890022754927335,0.5459368591934382,82,26,26.2,http://www.atpworldtour.com/en/players/borna-coric/cg80/overview,"Dubai, United Arab Emirates","Zagreb, Croatia",1996-11-14,2013.0,79.0,Two-Handed Backhand,Borna Coric,2.0,,,1.0,,1.0,1.0,1.0,R,CRO
Cameron Norrie,51,36,14,12,5,7,5,3,188,114,48,1666,0.5195406442097196,0.44009963587271705,0.5893766908783593,80,25,27.3,http://www.atpworldtour.com/en/players/cameron-norrie/n771/overview,"Fort Worth, TX, USA","Johannesburg, South Africa",1995-08-23,2017.0,80.0,Two-Handed Backhand,Cameron Norrie,1.0,,,1.0,,,,2.0,L,GBR
Carlos Alcaraz,56,39,16,13,3,7,4,2,185,128,51,2556,0.7169078947368421,0.4605263157894737,0.7986319707457228,86,27,19.4,,,,,,,,Carlos Alcaraz,4.0,,1.0,2.0,,4.0,,3.0,R,ESP
Carlos Berlocq,48,33,13,12,3,8,5,3,183,115,68,740,0.373647395331071,0.3951941451941452,0.020866454689984104,77,24,36.0,http://www.atpworldtour.com/en/players/carlos-berlocq/b884/overview,"Buenos Aires, Argentina","Chascomus, Argentina",1983-02-03,2001.0,81.0,One-Handed Backhand,Carlos Berlocq,2.0,,,,,2.0,,,R,ARG
Carlos Moya,52,37,18,13,6,8,5,3,190,112,52,1113,0.5387068320151027,0.5547675986519575,0.24924242424242424,87,27,33.5,http://www.atpworldtour.com/en/players/carlos-moya/m605/overview,"Geneva, Switzerland","Palma de Mallorca, Spain",1976-08-27,1995.0,86.0,Two-Handed Backhand,Carlos Moya,3.0,,,,,2.0,,1.0,R,ESP
Casper Ruud,49,35,15,12,5,6,3,2,183,109,42,2563,0.5917844915744075,0.3868448825169255,0.6839351851851851,76,25,24.0,http://www.atpworldtour.com/en/players/casper-ruud/rh16/overview,"Oslo, Norway","Oslo, Norway",1998-12-22,2015.0,77.0,Two-Handed Backhand,Casper Ruud,6.0,,,,,5.0,,1.0,R,NOR
Chris Guccione,48,39,16,13,14,5,4,3,201,93,141,384,0.34114205004035514,0.3452380952380952,0.24642857142857144,81,27,28.8,http://www.atpworldtour.com/en/players/chris-guccione/g621/overview,"New York, NY, USA","Melbourne, Australia",1985-07-30,2003.0,92.0,One-Handed Backhand,,,,,,,,,,L,AUS
Christophe Rochus,45,30,13,11,2,8,4,3,170,92,79,689,0.2853459164245773,0.2966372493567563,0.15932629462041226,74,23,31.5,http://www.atpworldtour.com/en/players/christophe-rochus/r336/overview,"Auvelais, Belgium","Namur, Belgium",1978-12-15,1996.0,68.0,One-Handed Backhand,,,,,,,,,,R,BEL
Corentin Moutet,55,36,13,13,2,9,5,3,178,125,90,719,0.43986752846537125,0.36640986132511555,0.438828967642527,84,27,23.5,http://www.atpworldtour.com/en/players/corentin-moutet/mw02/overview,,"Neuilly, France",1999-04-19,,65.0,Two-Handed Backhand,,,,,,,,,,L,FRA
Cristian Garin,54,36,17,13,4,9,5,4,185,122,69,1333,0.4347685185185185,0.4261451318742986,0.46664292497625826,88,27,26.6,,,,,,,,Cristian Garin,4.0,,,,,4.0,,,R,CHI
Damir Dzumhur,50,33,14,13,3,9,5,3,172,104,78,829,0.4074179013457374,0.4119163228797781,0.07915921288014312,80,26,30.6,http://www.atpworldtour.com/en/players/damir-dzumhur/d923/overview,"Sarajevo, Bosnia-Herzegovina","Sarajevo, Bosnia-Herzegovina",1992-05-20,2011.0,70.0,Two-Handed Backhand,Damir Dzumhur,3.0,,,,,,1.0,2.0,R,BIH
Daniel Brands,53,39,15,13,9,6,4,3,196,103,110,578,0.35740715205000917,0.3613814756671899,0.32589285714285715,83,27,31.5,http://www.atpworldtour.com/en/players/daniel-brands/bc72/overview,"Bogen, Germany","Deggendorf, Germany",1987-07-17,2005.0,92.0,One-Handed Backhand,,,,,,,,,,R,GER
Daniel Evans,54,38,17,13,5,8,5,3,175,127,70,1222,0.469907068458146,0.4504161176497535,0.4472160859960689,88,28,32.6,http://www.atpworldtour.com/en/players/daniel-evans/e687/overview,"Birmingham, England","Birmingham, England",1990-05-23,2006.0,75.0,One-Handed Backhand,Daniel Evans,1.0,,,,,,,1.0,R,GBR
Daniel Gimeno Traver,47,32,16,12,4,8,5,3,185,104,85,669,0.32846266381078587,0.3369326799053167,0.03277264471294321,80,25,32.7,,,,,,,,,,,,,,,,,R,ESP
Daniil Medvedev,46,34,15,12,8,5,3,3,198,105,26,4829,0.6817304355927404,0.6477468865243939,0.6730665245361793,75,25,26.9,http://www.atpworldtour.com/en/players/daniil-medvedev/mm58/overview,"Monte Carlo, Monaco","Moscow, Russia",1996-02-11,2014.0,81.0,Two-Handed Backhand,Daniil Medvedev,10.0,1.0,1.0,4.0,,,1.0,15.0,R,RUS
David Ferrer,48,33,15,12,3,7,4,3,175,110,15,3326,0.6613202534563931,0.6733232229104953,0.4202087342188013,78,25,37.0,http://www.atpworldtour.com/en/players/david-ferrer/f401/overview,"Valencia, Spain","Javea, Spain",1982-04-02,2000.0,73.0,Two-Handed Backhand,David Ferrer,25.0,,,1.0,,12.0,2.0,12.0,R,ESP
David Goffin,47,33,17,13,5,7,4,4,180,112,32,1908,0.5585833123224717,0.585565920532874,0.34735365045719735,80,26,32.1,http://www.atpworldtour.com/en/players/david-goffin/gb88/overview,"Monte Carlo, Monaco","Rocourt, Belgium",1990-12-07,2009.0,68.0,Two-Handed Backhand,David Goffin,5.0,,,,,1.0,,4.0,R,BEL
David Nalbandian,47,33,16,12,4,7,4,3,180,110,31,1598,0.6337614903892395,0.6379593568001022,0.39250391980691646,79,25,31.2,http://www.atpworldtour.com/en/players/david-nalbandian/n301/overview,"Cordoba, Argentina","Cordoba, Argentina",1982-01-01,2000.0,79.0,Two-Handed Backhand,David Nalbandian,6.0,1.0,,2.0,1.0,3.0,,5.0,R,ARG
Denis Istomin,54,39,15,13,7,7,5,2,188,110,67,790,0.4187694106624262,0.4268984644816217,0.20060359694506033,85,27,35.4,http://www.atpworldtour.com/en/players/denis-istomin/i165/overview,"Tashkent, Uzbekistan","Orenburg, Russia",1986-09-07,2004.0,88.0,Two-Handed Backhand,Denis Istomin,1.0,,,,,,1.0,,R,UZB
Denis Kudla,50,35,18,13,6,8,4,3,180,107,106,612,0.3382851564834552,0.3282890804086974,0.2517605633802817,86,27,30.4,http://www.atpworldtour.com/en/players/denis-kudla/kb09/overview,"Arlington, VA/Tampa, FL, USA","Kiev, Ukraine",1992-08-17,2010.0,75.0,Two-Handed Backhand,,,,,,,,,,R,USA
Denis Shapovalov,51,38,18,13,8,7,5,5,185,118,35,1839,0.5374632329875296,0.5151096231056417,0.5891575459757277,85,27,23.7,http://www.atpworldtour.com/en/players/denis-shapovalov/su55/overview,"Nassau, The Bahamas","Tel Aviv, Israel",1999-04-15,2016.0,76.0,One-Handed Backhand,Denis Shapovalov,2.0,,,,,,,2.0,L,CAN
Diego Schwartzman,49,32,15,12,2,8,4,3,170,114,30,1893,0.5152616937516258,0.5082699949962144,0.5363498409947502,79,25,30.0,http://www.atpworldtour.com/en/players/diego-schwartzman/sm37/overview,"Buenos Aires, Argentina","Buenos Aires, Argentina",1992-08-16,2010.0,64.0,Two-Handed Backhand,Diego Schwartzman,3.0,,,,,2.0,,1.0,R,ARG
Dmitry Tursunov,48,35,17,13,7,7,5,4,185,105,72,940,0.47437270319506347,0.48980609251171103,0.033920940170940175,82,26,34.6,http://www.atpworldtour.com/en/players/dmitry-tursunov/t315/overview,"Moscow, Russia","Moscow, Russia",1982-12-12,2000.0,82.0,Two-Handed Backhand,Dmitry Tursunov,7.0,,,,,,2.0,5.0,R,RUS
Dominic Thiem,50,36,17,13,6,6,4,3,185,115,38,3336,0.6255566932320263,0.6421503925536236,0.4096166572796396,82,26,29.1,http://www.atpworldtour.com/en/players/dominic-thiem/tb69/overview,"Lichtenwörth, Austria","Wiener Neustadt, Austria",1993-09-03,2011.0,82.0,One-Handed Backhand,Dominic Thiem,15.0,,1.0,1.0,,10.0,1.0,6.0,R,AUT
Dominik Hrbaty,44,30,16,12,4,8,4,4,183,101,63,1068,0.41543859649122805,0.37438887072754345,0.2689035087719298,76,26,32.0,http://www.atpworldtour.com/en/players/dominik-hrbaty/h377/overview,"Monte Carlo, Monaco","Bratislava, Slovakia",1978-01-04,1996.0,79.0,Two-Handed Backhand,,,,,,,,,,R,SVK
Donald Young,48,32,16,13,3,9,5,4,183,102,101,669,0.37618127460913364,0.3701727570529677,0.0,81,25,31.4,http://www.atpworldtour.com/en/players/donald-young/y124/overview,"Atlanta, GA, USA","Chicago, IL, USA",1989-07-23,2004.0,79.0,Two-Handed Backhand,,,,,,,,,,L,USA
Dudi Sela,46,31,16,12,3,8,4,3,175,99,85,660,0.38867755817923977,0.3757974579032429,0.09869207772795216,76,25,34.4,http://www.atpworldtour.com/en/players/dudi-sela/sc56/overview,"Tel Aviv, Israel","Kiryat Shmonna, Israel",1985-04-04,2002.0,65.0,One-Handed Backhand,,,,,,,,,,R,ISR
Dusan Lajovic,53,37,14,13,4,8,5,2,180,110,71,970,0.38173360857512223,0.3836485890130254,0.32629413511766453,82,26,32.2,http://www.atpworldtour.com/en/players/dusan-lajovic/l987/overview,"Stara Pazova, Serbia","Belgrade, Serbia",1990-06-30,2007.0,78.0,One-Handed Backhand,,,,,,,,,,R,SRB
Dustin Brown,54,39,17,13,9,8,5,5,196,96,109,530,0.3884549920063386,0.39200415841433894,0.19602446483180427,88,28,36.4,http://www.atpworldtour.com/en/players/dustin-brown/ba65/overview,"Winsen, Germany","Celle, Germany",1984-12-08,2002.0,78.0,Two-Handed Backhand,,,,,,,,,,R,GER
Edouard Roger Vasselin,52,37,15,13,4,7,4,2,188,107,91,640,0.3596183960448889,0.38875640062211547,0.2832286511863977,83,26,32.5,,,,,,,,,,,,,,,,,R,FRA
Eduardo Schwank,52,35,17,13,5,8,5,3,183,114,83,670,0.32831668680565107,0.3777252252252252,0.34203265765765767,84,26,26.0,http://www.atpworldtour.com/en/players/eduardo-schwank/se66/overview,"Rosario, Argentina","Rosario, Argentina",1986-04-23,2005.0,83.0,Two-Handed Backhand,,,,,,,,,,R,ARG
Egor Gerasimov,53,38,14,13,8,7,4,4,196,110,120,642,0.4551152357494722,0.5265433999270206,0.34424261083743846,83,26,29.4,http://www.atpworldtour.com/en/players/egor-gerasimov/gc89/overview,"Belarus, Minsk","Belarus, Minsk",1992-11-11,2010.0,84.0,Two-Handed Backhand,,,,,,,,,,R,BLR
Emil Ruusuvuori,50,35,13,12,4,7,4,4,188,114,94,852,0.4374274165089346,0.32577164446721313,0.3976007513661203,77,25,23.8,,,,,,,,,,,,,,,,,R,FIN
Ernests Gulbis,49,37,15,13,9,7,4,4,190,109,67,1034,0.47500232876502346,0.47273248501910947,0.20104174966138155,81,26,32.9,http://www.atpworldtour.com/en/players/ernests-gulbis/g858/overview,"Jurmala, Latvia","Riga, Latvia",1988-08-30,2004.0,88.0,Two-Handed Backhand,Ernests Gulbis,6.0,,,,,1.0,,5.0,R,LAT
Evgeny Donskoy,48,34,17,12,5,7,5,2,185,105,104,588,0.30042781633183413,0.317496754015172,0.08747586872586874,82,26,31.4,http://www.atpworldtour.com/en/players/evgeny-donskoy/d864/overview,"Moscow, Russia","Moscow, Russia",1990-05-09,2007.0,74.0,Two-Handed Backhand,,,,,,,,,,R,RUS
Evgeny Korolev,48,34,16,13,5,7,4,4,185,104,110,562,0.4024588547959932,0.40430848019660315,0.10351966873706003,82,26,25.2,http://www.atpworldtour.com/en/players/evgeny-korolev/k760/overview,"Astana, Kazakhstan","Moscow, Russia",1988-02-14,2005.0,82.0,,,,,,,,,,,R,KAZ
Fabio Fognini,48,32,16,12,3,8,5,4,178,108,41,1401,0.5044522943618461,0.5093864496168296,0.4684520447009702,81,25,35.6,http://www.atpworldtour.com/en/players/fabio-fognini/f510/overview,"Arma di Taggia, Italy","Sanremo, Italy",1987-05-24,2004.0,74.0,Two-Handed Backhand,Fabio Fognini,6.0,,,1.0,,6.0,,1.0,R,ITA
Fabrice Santoro,47,32,17,12,5,8,5,2,178,109,52,783,0.4395817667300125,0.47534157633242996,0.3693830728891704,81,25,37.1,http://www.atpworldtour.com/en/players/fabrice-santoro/s424/overview,"Geneva, Switzerland",Tahiti,1972-12-09,1989.0,74.0,Two-Handed Backhand,Fabrice Santoro,1.0,,,,,,1.0,,R,FRA
Facundo Bagnis,51,34,15,13,5,9,5,3,183,112,110,586,0.25635900095065245,0.23337568058076225,0.1361083743842364,83,25,32.9,http://www.atpworldtour.com/en/players/facundo-bagnis/bf23/overview,"Buenos Aires, Argentina","Rosario, Argentina",1990-02-27,2008.0,82.0,Two-Handed Backhand,,,,,,,,,,L,ARG
Federico Delbonis,48,33,15,12,3,7,4,3,190,111,71,844,0.4367631646243447,0.44700616942796667,0.2697644127307736,79,25,31.8,http://www.atpworldtour.com/en/players/federico-delbonis/d874/overview,"Azul, Argentina","Azul, Argentina",1990-10-05,2007.0,88.0,Two-Handed Backhand,Federico Delbonis,2.0,,,,,2.0,,,L,ARG
Feliciano Lopez,50,37,18,13,11,6,4,4,188,109,40,1200,0.49039026393628704,0.4982424839798978,0.10501690650310602,84,27,41.0,http://www.atpworldtour.com/en/players/feliciano-lopez/l397/overview,"Madrid, Spain","Toledo, Spain",1981-09-20,1997.0,73.0,One-Handed Backhand,Feliciano Lopez,6.0,,,,,1.0,4.0,1.0,L,ESP
Felix Auger Aliassime,50,37,14,13,9,6,4,4,193,120,28,2362,0.5893976308400194,0.5330875199777638,0.6760208926875593,79,26,22.4,,,,,,,,Felix Auger Aliassime,3.0,,,,,,,3.0,R,CAN
Fernando Gonzalez,53,39,17,13,7,7,4,3,183,111,30,1882,0.6073834288916864,0.5899495378579297,0.260128343899799,86,28,31.6,http://www.atpworldtour.com/en/players/fernando-gonzalez/g415/overview,"Santiago, Chile","Santiago, Chile",1980-07-29,1999.0,82.0,One-Handed Backhand,Fernando Gonzalez,5.0,,,,1.0,3.0,,1.0,R,CHI
Fernando Verdasco,54,38,14,13,6,7,4,4,188,113,33,1519,0.5271282746712178,0.5289177674483504,0.2478694432182804,81,26,39.2,http://www.atpworldtour.com/en/players/fernando-verdasco/v306/overview,"Doha, Qatar","Madrid, Spain",1983-11-15,2001.0,87.0,Two-Handed Backhand,Fernando Verdasco,6.0,,,,,4.0,,2.0,L,ESP
Filip Krajinovic,48,34,14,12,4,7,4,2,185,104,73,1050,0.45406519985120525,0.47276099235092506,0.38133893726728,77,24,30.9,http://www.atpworldtour.com/en/players/filip-krajinovic/kb05/overview,"Monte Carlo, Monaco","Sombor, Serbia",1992-02-27,2008.0,75.0,Two-Handed Backhand,,,,,,,,,,R,SRB
Filippo Volandri,49,31,11,11,1,8,4,2,183,96,65,725,0.3607277417296032,0.3729650140646976,0.0,73,23,34.8,http://www.atpworldtour.com/en/players/filippo-volandri/v254/overview,"Livorno, Italy","Livorno, Italy",1981-09-05,1997.0,73.0,One-Handed Backhand,Filippo Volandri,1.0,,,,,1.0,,,R,ITA
Flavio Cipolla,50,31,11,11,1,10,6,4,173,106,110,554,0.30297331837646235,0.3003675387042527,0.2207525730598753,76,23,29.5,http://www.atpworldtour.com/en/players/flavio-cipolla/c723/overview,"Rome, Italy","Rome, Italy",1983-10-20,2003.0,74.0,One-Handed Backhand,,,,,,,,,,R,ITA
Florent Serra,51,34,16,12,4,9,5,2,180,100,74,701,0.39127833701657866,0.40019724278192564,0.052778796771826855,84,25,32.2,http://www.atpworldtour.com/en/players/florent-serra/s963/overview,"Issy-les-Moulineaux, France","Bordeaux, France",1981-02-28,2000.0,78.0,Two-Handed Backhand,Florent Serra,2.0,,,,,1.0,,1.0,R,FRA
Florian Mayer,46,32,14,12,4,7,4,2,190,93,63,932,0.4383025741534511,0.45962258355058294,0.19761784076993755,75,24,34.7,http://www.atpworldtour.com/en/players/florian-mayer/mb02/overview,"Bayreuth, Germany","Bayreuth, Germany",1983-10-05,2001.0,82.0,Two-Handed Backhand,Florian Mayer,3.0,,,,,2.0,1.0,,R,GER
Frances Tiafoe,54,38,18,14,7,8,5,3,188,121,64,1082,0.4428318266998244,0.40927049684907946,0.5123999340318126,89,28,25.0,http://www.atpworldtour.com/en/players/frances-tiafoe/td51/overview,"Orlando, FL, USA","Hyattsville, MD, USA",1998-01-20,2015.0,77.0,Two-Handed Backhand,Frances Tiafoe,1.0,,,,,,,1.0,R,USA
Frank Dancevic,48,34,16,13,8,7,4,3,185,96,140,412,0.32858908160112976,0.3196205503897811,0.6245421245421245,79,26,32.8,http://www.atpworldtour.com/en/players/frank-dancevic/d499/overview,"Niagara Falls, Canada","Niagara Falls, Canada",1984-09-26,2003.0,79.0,One-Handed Backhand,,,,,,,,,,R,CAN
Frederico Gil,48,31,13,12,2,8,5,2,178,105,101,617,0.4048919860627177,0.4126252771618625,0.370791403718233,77,23,27.2,,,,,,,,,,,,,,,,,R,POR
Gael Monfils,51,37,15,13,8,6,4,4,193,108,30,1759,0.6160385436817999,0.6200628358656529,0.45741870967136855,81,26,35.9,http://www.atpworldtour.com/en/players/gael-monfils/mc65/overview,Switzerland,"Paris, France",1986-09-01,2004.0,80.0,Two-Handed Backhand,Gael Monfils,11.0,,,,,1.0,,10.0,R,FRA
Gaston Gaudio,51,33,15,12,2,9,5,4,175,114,55,1579,0.4898639169472503,0.4877314814814815,0.10403163580246913,81,25,31.1,http://www.atpworldtour.com/en/players/gaston-gaudio/g374/overview,"Buenos Aires, Argentina","Buenos Aires, Argentina",1978-12-09,1996.0,70.0,One-Handed Backhand,Gaston Gaudio,4.0,,,,,4.0,,,R,ARG
Gilles Muller,52,41,16,13,14,6,4,4,193,113,56,956,0.4676789900583663,0.45576309345894744,0.3113557973687724,84,27,35.3,http://www.atpworldtour.com/en/players/gilles-muller/ma30/overview,"Reckange-sur-Mess, Luxembourg","Luxembourg City, Luxembourg",1983-05-09,2001.0,89.0,Two-Handed Backhand,Gilles Muller,2.0,,,,,,1.0,1.0,L,LUX
Gilles Simon,47,32,18,12,4,8,5,2,183,112,33,1579,0.5308557701272647,0.5405758192004584,0.4138685620759748,81,25,37.8,http://www.atpworldtour.com/en/players/gilles-simon/sd32/overview,"Neuchatel, Switzerland","Nice, France",1984-12-27,2002.0,70.0,Two-Handed Backhand,Gilles Simon,13.0,,,,,5.0,,8.0,R,FRA
Go Soeda,42,28,16,12,3,7,4,3,178,100,106,552,0.2309630552096305,0.23498858447488583,0.18525114155251143,74,25,35.9,http://www.atpworldtour.com/en/players/go-soeda/sc47/overview,"Tokyo, Japan","Kanagawa, Japan",1984-09-05,2003.0,73.0,Two-Handed Backhand,,,,,,,,,,R,JPN
Grigor Dimitrov,51,37,16,13,7,6,4,4,188,112,34,2003,0.5688074180146845,0.5762199110853573,0.49486740773677185,81,26,31.6,http://www.atpworldtour.com/en/players/grigor-dimitrov/d875/overview,"Monte Carlo, Monaco","Haskovo, Bulgaria",1991-05-16,2008.0,80.0,One-Handed Backhand,Grigor Dimitrov,6.0,1.0,,1.0,,1.0,1.0,6.0,R,BUL
Guido Pella,55,38,15,13,5,8,5,2,185,120,65,940,0.4290928781286541,0.4380526151930262,0.2639921722113503,86,27,31.3,http://www.atpworldtour.com/en/players/guido-pella/pc11/overview,"Buenos Aires, Argentina","Bahia Blanca, Argentina",1990-05-17,2007.0,83.0,Two-Handed Backhand,Guido Pella,1.0,,,,,1.0,,,L,ARG
Guillermo Canas,44,31,17,12,5,7,4,2,185,116,40,1191,0.5227454838234543,0.6779201995059176,0.28962996571889493,76,24,31.3,http://www.atpworldtour.com/en/players/guillermo-canas/c433/overview,"Buenos Aires, Argentina","Buenos Aires, Argentina",1977-11-25,1995.0,86.0,Two-Handed Backhand,Guillermo Canas,1.0,,,,,1.0,,,R,ARG
Guillermo Coria,52,35,14,13,3,9,5,6,175,118,48,1773,0.5107452401250355,0.4078719723183391,0.16781045751633986,83,26,26.3,http://www.atpworldtour.com/en/players/guillermo-coria/c524/overview,"Venado Tuerto, Argentina","Rufino, Argentina",1982-01-13,2000.0,69.0,Two-Handed Backhand,Guillermo Coria,2.0,,,,,2.0,,,R,ARG
Guillermo Garcia Lopez,48,33,16,12,4,8,5,4,188,113,62,840,0.4257267213178255,0.43420129271636254,0.2474302159409986,81,25,36.2,,,,,,,,Guillermo Garcia Lopez,5.0,,,,,3.0,,2.0,R,ESP
Henri Laaksonen,50,34,17,13,5,8,5,4,185,109,141,473,0.3269427062530511,0.33035714285714285,0.30995484400656814,85,26,30.4,http://www.atpworldtour.com/en/players/henri-laaksonen/l949/overview,"Glattpark, Switzerland","Lohja, Finland",1992-03-31,2009.0,78.0,Two-Handed Backhand,,,,,,,,,,R,SUI
Horacio Zeballos,50,35,16,13,5,7,4,3,188,108,74,729,0.35078034424056237,0.334527278614214,0.3118226600985221,81,25,33.3,http://www.atpworldtour.com/en/players/horacio-zeballos/z184/overview,"Buenos Aires, Argentina","Mar del Plata, Argentina",1985-04-27,2003.0,83.0,One-Handed Backhand,Horacio Zeballos,2.0,,,,,2.0,,,L,ARG
Hubert Hurkacz,54,40,16,14,10,6,4,3,196,116,43,2039,0.5238543353849476,0.4334026203073822,0.6011531805704738,86,27,25.9,,,,,,,,Hubert Hurkacz,4.0,,,1.0,,,1.0,4.0,R,POL
Hyeon Chung,46,32,14,12,3,7,4,3,188,113,70,943,0.48454039848429287,0.3523006424792139,0.39015953182619845,75,24,23.4,http://www.atpworldtour.com/en/players/hyeon-chung/ch27/overview,"Suwon, South Korea","Suwon, South Korea",1996-05-19,2014.0,87.0,Two-Handed Backhand,Hyeon Chung,,1.0,,,,,,1.0,R,KOR
Hyung Taik Lee,53,36,16,13,3,8,4,2,180,109,64,636,0.3925592258925592,0.36002769536303064,0.31266504599837935,84,28,33.0,,,,,,,,,,,,,,,,,R,KOR
Igor Andreev,51,36,16,13,5,6,4,3,185,113,59,921,0.47544702454456395,0.5107441966174352,0.3099666711265262,82,26,29.9,http://www.atpworldtour.com/en/players/igor-andreev/a511/overview,"Moscow, Russia","Moscow, Russia",1983-07-14,2002.0,80.0,Two-Handed Backhand,Igor Andreev,4.0,,,,1.0,3.0,,,R,RUS
Igor Kunitsyn,46,30,15,12,3,8,5,2,180,101,85,666,0.3523869433753154,0.3374567419560417,0.06493055555555555,76,24,31.4,http://www.atpworldtour.com/en/players/igor-kunitsyn/k403/overview,"Vladivostok, Russia","Vladivostok, Russia",1981-09-30,1999.0,75.0,,Igor Kunitsyn,1.0,,,,,,,1.0,R,RUS
Igor Sijsling,48,35,16,12,8,7,4,2,190,95,91,625,0.3361690434674305,0.3709707962571481,0.25132008448540705,80,26,28.9,http://www.atpworldtour.com/en/players/igor-sijsling/sf36/overview,"Hoogstraten, Belgium","Amsterdam, Netherlands",1987-08-18,2006.0,85.0,One-Handed Backhand,,,,,,,,,,R,NED
Illya Marchenko,49,34,17,13,5,8,5,4,185,117,108,561,0.3487655981067126,0.35731453954345527,0.26070352839931155,83,27,34.1,http://www.atpworldtour.com/en/players/illya-marchenko/me89/overview,"Donetsk, Ukraine","Dneprodzerzhinsk, Ukraine",1987-09-08,2006.0,82.0,Two-Handed Backhand,,,,,,,,,,R,UKR
Ilya Ivashka,51,36,15,13,6,7,4,3,193,118,88,790,0.4744546816637609,0.2779573051312182,0.5311404632056806,82,26,28.9,http://www.atpworldtour.com/en/players/ilya-ivashka/i305/overview,"Minsk, Belarus","Minsk, Belarus",1994-02-24,2013.0,83.0,Two-Handed Backhand,Ilya Ivashka,1.0,,,,,,,1.0,R,BLR
Ivan Dodig,47,33,16,12,8,7,4,3,183,109,80,784,0.4141181377742341,0.4298633438230085,0.2996280697649479,79,25,32.5,http://www.atpworldtour.com/en/players/ivan-dodig/d646/overview,"Freeport, Bahamas","Medjugorje, Bosnia-Herzegovina",1985-01-02,2004.0,83.0,Two-Handed Backhand,Ivan Dodig,1.0,,,,,,,1.0,R,CRO
Ivan Ljubicic,49,38,17,13,12,5,4,2,193,114,20,1834,0.6050154225639952,0.6300941084906734,0.44211598074132696,82,27,32.9,http://www.atpworldtour.com/en/players/ivan-ljubicic/l360/overview,"Monte Carlo, Monaco","Banja Luka, Bosnia-Herzegovin",1979-03-19,1998.0,92.0,One-Handed Backhand,Ivan Ljubicic,8.0,,,1.0,1.0,1.0,,7.0,R,CRO
Ivo Karlovic,56,46,15,14,20,4,3,3,208,109,55,1045,0.5142773784253721,0.5202769510833367,0.20477804359383306,85,29,42.3,http://www.atpworldtour.com/en/players/ivo-karlovic/k336/overview,"Miami, FL, USA; Grand Bahama","Zagreb, Croatia",1979-02-28,2000.0,104.0,One-Handed Backhand,Ivo Karlovic,7.0,,,,,,3.0,4.0,R,CRO
Ivo Minar,46,31,16,12,5,7,4,2,183,94,101,508,0.2922193336162988,0.28728894604933386,0.3419834307992202,78,25,28.3,http://www.atpworldtour.com/en/players/ivo-minar/ma41/overview,"Prague, Czech Republic","Prague, Czech Republic",1984-05-21,2002.0,85.0,,,,,,,,,,,R,CZE
Jack Sock,49,36,18,13,7,7,4,4,185,112,73,1255,0.5250900692581295,0.5403829486408507,0.18490384615384614,83,27,30.3,http://www.atpworldtour.com/en/players/jack-sock/sm25/overview,"Kansas City, KS, USA","Lincoln, NE, USA",1992-09-24,2011.0,84.0,Two-Handed Backhand,Jack Sock,2.0,,,1.0,,1.0,,2.0,R,USA
James Blake,48,35,18,13,6,7,4,3,185,100,41,1526,0.5819162580718418,0.606351872588816,0.3580958323659159,83,27,33.6,http://www.atpworldtour.com/en/players/james-blake/b676/overview,"Westport, Connecticut","Yonkers, New York, USA",1979-12-28,1999.0,83.0,One-Handed Backhand,James Blake,9.0,,,,,,,9.0,R,USA
James Duckworth,51,36,20,14,8,8,5,3,183,116,147,596,0.33622975603618005,0.28573781291172595,0.3285337850555241,90,28,30.6,http://www.atpworldtour.com/en/players/james-duckworth/d994/overview,"Sydney, Australia","Sydney, Australia",1992-01-21,2010.0,82.0,Two-Handed Backhand,,,,,,,,,,R,AUS
Jan Hajek,45,29,12,11,3,8,4,2,180,90,101,528,0.2820144043831742,0.2579617031997984,0.2262755102040816,73,23,29.9,http://www.atpworldtour.com/en/players/jan-hajek/h571/overview,"Olomouc, Czech Republic","Olomouc, Czech Republic",1983-08-07,2000.0,80.0,Two-Handed Backhand,,,,,,,,,,R,CZE
Jan Hernych,54,36,15,13,3,9,5,2,190,106,112,514,0.33837105988640515,0.3412168253589061,0.12559722885809843,85,26,36.0,http://www.atpworldtour.com/en/players/jan-hernych/h442/overview,"Prague, Czech Republic","Prague, Czech Republic",1979-07-07,1998.0,83.0,Two-Handed Backhand,,,,,,,,,,R,CZE
Jan Lennard Struff,48,35,18,13,9,7,4,4,193,106,62,950,0.4241440753468244,0.43570964316118754,0.24183862433862435,83,26,32.7,,,,,,,,,,,,,,,,,R,GER
Janko Tipsarevic,47,34,18,13,7,7,4,3,180,117,70,1383,0.48660089095579917,0.4895659909132878,0.3687874251497006,82,27,35.3,http://www.atpworldtour.com/en/players/janko-tipsarevic/t742/overview,"Belgrade, Serbia","Belgrade, Serbia",1984-06-22,2002.0,80.0,Two-Handed Backhand,Janko Tipsarevic,6.0,,,,,3.0,,3.0,R,SRB
Jannik Sinner,50,35,17,13,5,7,4,2,188,121,40,2178,0.6426702551705523,0.47396331738437003,0.6805526461596785,82,26,21.4,,,,,,,,Jannik Sinner,5.0,1.0,,,,1.0,,5.0,R,ITA
Jared Donaldson,43,31,20,13,6,7,4,4,188,109,89,706,0.3973874495839541,0.24505108556832694,0.39188218390804597,81,26,22.3,http://www.atpworldtour.com/en/players/jared-donaldson/dc58/overview,"Irvine, CA, USA","Providence, RI, USA",1996-10-09,2014.0,75.0,Two-Handed Backhand,,,,,,,,,,R,USA
Jarkko Nieminen,53,36,14,13,3,7,4,2,185,102,48,963,0.46156480471849026,0.4716499916587549,0.3009363276927644,82,26,34.2,http://www.atpworldtour.com/en/players/jarkko-nieminen/n289/overview,"Masku, Finland","Masku, Finland",1981-07-23,2000.0,78.0,Two-Handed Backhand,Jarkko Nieminen,2.0,,,,,,,2.0,L,FIN
Jaume Munar,54,37,14,13,4,9,5,3,183,125,100,724,0.32528826775035513,0.2956786107403507,0.25137332931712947,85,26,25.6,http://www.atpworldtour.com/en/players/jaume-munar/mu94/overview,"Barcelona, Spain","Santanyi, Spain",1997-05-05,2014.0,78.0,Two-Handed Backhand,,,,,,,,,,R,ESP
Jeremy Chardy,50,36,16,13,8,7,4,4,188,109,55,983,0.45801649190935956,0.45382352482922306,0.1729371386254237,82,26,34.5,http://www.atpworldtour.com/en/players/jeremy-chardy/ca12/overview,"Liege, Belgium","Pau, France",1987-02-12,2005.0,75.0,Two-Handed Backhand,Jeremy Chardy,1.0,,,,,1.0,,,R,FRA
Jerzy Janowicz,54,40,16,14,9,7,4,5,203,112,71,1067,0.5104795198832266,0.531850160662946,0.359533231861999,86,29,26.9,http://www.atpworldtour.com/en/players/jerzy-janowicz/j397/overview,"Lodz, Poland","Lodz, Poland",1990-11-13,2007.0,94.0,Two-Handed Backhand,,,,,,,,,,R,POL
Jiri Vesely,53,39,15,13,8,7,4,4,198,115,69,793,0.3992620403694732,0.40463401258540366,0.3709889647389647,84,27,28.9,http://www.atpworldtour.com/en/players/jiri-vesely/v708/overview,"Ras Al Khaimah, UAE","Pribram, Czech Republic",1993-07-10,2009.0,92.0,Two-Handed Backhand,Jiri Vesely,2.0,,,,,,,2.0,L,CZE
Jo-Wilfried Tsonga,51,40,17,13,10,5,4,2,188,112,26,2602,0.6412248905248348,0.6420099723018793,0.1470192545265363,83,27,36.9,http://www.atpworldtour.com/en/players/jo-wilfried-tsonga/t786/overview,"Gingins, Switzerland","Le Mans, France",1985-04-17,2004.0,91.0,Two-Handed Backhand,Jo-Wilfried Tsonga,16.0,,,2.0,,1.0,,17.0,R,FRA
Joao Sousa,49,34,15,12,4,8,4,2,185,109,62,903,0.39672542803621025,0.412554472366753,0.31670641774268715,81,26,33.7,http://www.atpworldtour.com/en/players/joao-sousa/sh90/overview,"Barcelona, Spain","Guimaraes, Portugal",1989-03-30,2008.0,74.0,Two-Handed Backhand,Joao Sousa,4.0,,,,,1.0,,3.0,R,POR
John Isner,60,48,15,14,18,4,3,2,206,117,30,1903,0.5866191497543094,0.5880670239361634,0.5850092559769979,89,30,37.3,http://www.atpworldtour.com/en/players/john-isner/i186/overview,"Tampa, FL, USA","Greensboro, NC, USA",1985-04-26,2007.0,108.0,Two-Handed Backhand,John Isner,14.0,,,1.0,,1.0,4.0,10.0,R,USA
John Millman,52,36,17,13,4,8,4,2,183,117,76,886,0.41355168017667976,0.42783941649478374,0.3890050823313535,85,27,33.0,http://www.atpworldtour.com/en/players/john-millman/mh30/overview,"Brisbane, Australia","Brisbane, Australia",1989-06-14,2006.0,79.0,Two-Handed Backhand,John Millman,1.0,,,,,,,1.0,R,AUS
Jonas Bjorkman,50,34,16,13,4,9,5,3,183,111,75,584,0.3281760290148448,0.3505971659919028,0.31116758241758236,84,26,36.5,http://www.atpworldtour.com/en/players/jonas-bjorkman/b446/overview,"Stockholm, Sweden","Vaxjo, Sweden",1972-03-23,1991.0,83.0,Two-Handed Backhand,Jonas Bjorkman,1.0,,,,1.0,,,,R,SWE
Jordan Thompson,53,37,16,13,6,8,5,2,183,123,76,799,0.3978365543041365,0.3877769695742046,0.4777068809326874,85,27,28.3,http://www.atpworldtour.com/en/players/jordan-thompson/tc61/overview,"Sydney, Australia","Sydney, Australia",1994-04-20,2013.0,73.0,Two-Handed Backhand,,,,,,,,,,R,AUS
Jose Acasuso,43,30,18,12,6,7,4,3,190,106,49,858,0.48543417366946784,0.4699848580547201,0.5497198879551821,76,24,28.3,http://www.atpworldtour.com/en/players/jose-acasuso/a389/overview,"Buenos Aires, Argentina","Posadas-Misiones, Argentina",1982-10-20,1999.0,86.0,One-Handed Backhand,Jose Acasuso,1.0,,,,,1.0,,,R,ARG
Juan Carlos Ferrero,52,36,14,12,4,7,4,2,183,113,40,1175,0.5781551735055724,0.5822864548481084,0.3992946498930542,79,26,32.6,http://www.atpworldtour.com/en/players/juan-carlos-ferrero/f316/overview,"Villena, Spain","Onteniente, Spain",1980-02-12,1998.0,73.0,Two-Handed Backhand,Juan Carlos Ferrero,5.0,,,,,5.0,,,R,ESP
Juan Ignacio Chela,50,33,16,12,2,8,5,3,190,115,48,977,0.4708472431053062,0.46246588709742725,0.3317711805921091,81,25,32.8,http://www.atpworldtour.com/en/players/juan-ignacio-chela/c514/overview,"Buenos Aires, Argentina","Buenos Aires, Argentina",1979-08-30,1998.0,75.0,Two-Handed Backhand,Juan Ignacio Chela,4.0,,,,,4.0,,,R,ARG
Juan Martin del Potro,49,37,15,13,8,5,3,2,198,117,52,2650,0.699539450706429,0.6903299956771336,0.6505510571300046,78,26,30.6,http://www.atpworldtour.com/en/players/juan-martin-del-potro/d683/overview,"Tandil, Argentina","Tandil, Argentina",1988-09-23,2005.0,97.0,Two-Handed Backhand,Juan Martin del Potro,19.0,,1.0,1.0,,4.0,,17.0,R,ARG
Juan Monaco,51,34,13,12,2,7,4,2,185,111,47,1137,0.5248391762327793,0.5356325167453568,0.3745956237666163,78,25,32.5,http://www.atpworldtour.com/en/players/juan-monaco/ma21/overview,"Buenos Aires, Argentina","Tandil, Argentina",1984-03-29,2002.0,81.0,Two-Handed Backhand,Juan Monaco,9.0,,,,,8.0,,1.0,R,ARG
Julien Benneteau,51,36,14,13,6,7,4,3,185,111,72,847,0.45592323412569424,0.44098521674179436,0.45227661713748935,81,26,36.6,http://www.atpworldtour.com/en/players/julien-benneteau/b747/overview,"Boulogne-Billancourt, France","Bourg-en-Bresse, France",1981-12-20,2000.0,79.0,Two-Handed Backhand,,,,,,,,,,R,FRA
Jurgen Melzer,50,34,16,12,5,7,4,3,183,105,50,1173,0.4897483994872863,0.4860267057778215,0.6691393912161487,81,26,37.4,http://www.atpworldtour.com/en/players/jurgen-melzer/m762/overview,"Deutsch-Wagram, Austria","Vienna, Austria",1981-05-22,1999.0,81.0,Two-Handed Backhand,Jurgen Melzer,4.0,,,,,1.0,,3.0,L,AUT
Karen Khachanov,53,39,17,13,8,7,4,3,198,118,43,1685,0.5166623821819334,0.5120642412936759,0.5017701974371667,86,27,26.6,http://www.atpworldtour.com/en/players/karen-khachanov/ke29/overview,"Dubai, United Arab Emirates","Moscow, Russia",1996-05-21,2013.0,88.0,Two-Handed Backhand,Karen Khachanov,3.0,,,1.0,,,,4.0,R,RUS
Kei Nishikori,50,35,17,13,3,7,4,3,178,115,30,2786,0.6477172148060284,0.6535392490124252,0.5624147352174182,81,26,31.6,http://www.atpworldtour.com/en/players/kei-nishikori/n552/overview,"Bradenton, FL, USA","Shimane, Japan",1989-12-29,2007.0,75.0,Two-Handed Backhand,Kei Nishikori,12.0,,,,,2.0,,10.0,R,JPN
Kevin Anderson,54,42,16,14,13,5,4,3,203,118,40,1636,0.5654035589141714,0.5767097393609608,0.35337640323910346,84,28,35.7,http://www.atpworldtour.com/en/players/kevin-anderson/a678/overview,"Gulf Stream, FL, USA","Johannesburg, South Africa",1986-05-18,2007.0,93.0,Two-Handed Backhand,Kevin Anderson,6.0,,,,,,,6.0,R,RSA
Kevin Kim,45,32,15,12,5,8,4,4,180,94,98,519,0.2762472984079632,0.24927703875072296,0.38197767145135564,79,25,32.0,http://www.atpworldtour.com/en/players/kevin-kim/k358/overview,"Newport Coast, CA, U.S.A.","Torrance, CA, U.S.A.",1978-07-26,1997.0,75.0,One-Handed Backhand,,,,,,,,,,R,USA
Kristof Vliegen,48,33,15,12,6,7,4,2,193,103,86,627,0.39495407411317074,0.4246384166366083,0.2467429722176558,79,26,27.9,http://www.atpworldtour.com/en/players/kristof-vliegen/v309/overview,"Maaseik, Belgium","Maaseik, Belgium",1982-06-22,2001.0,75.0,Two-Handed Backhand,,,,,,,,,,R,BEL
Kyle Edmund,48,35,17,13,6,7,4,3,188,110,69,1124,0.4779352445394112,0.4913483847068686,0.04999999999999999,81,26,28.0,http://www.atpworldtour.com/en/players/kyle-edmund/e831/overview,"Beverley, Great Britain","Johannesburg, South Africa",1995-01-08,2012.0,83.0,Two-Handed Backhand,Kyle Edmund,2.0,,,,,,,2.0,R,GBR
Laslo Djere,51,35,16,13,6,8,5,4,188,120,72,920,0.4434343381301088,0.4004055519410106,0.3911421397827423,84,26,27.3,http://www.atpworldtour.com/en/players/laslo-djere/db63/overview,"Senta, Serbia","Senta, Serbia",1995-06-02,2013.0,80.0,Two-Handed Backhand,Laslo Djere,2.0,,,,,2.0,,,R,SRB
Leonardo Mayer,50,37,17,13,6,6,4,4,188,117,63,876,0.4496175003007078,0.46481063250223525,0.2280725251825415,82,27,33.2,http://www.atpworldtour.com/en/players/leonardo-mayer/md56/overview,"Buenos Aires, Argentina","Corrientes, Argentina",1987-05-15,2003.0,80.0,One-Handed Backhand,Leonardo Mayer,2.0,,,,,2.0,,,R,ARG
Lleyton Hewitt,49,35,21,14,7,7,4,4,180,121,52,1360,0.5833770916382859,0.6150766116394139,0.24094009778698017,87,28,34.2,http://www.atpworldtour.com/en/players/lleyton-hewitt/h432/overview,"Melbourne, Australia","Adelaide, Australia",1981-02-24,1998.0,77.0,Two-Handed Backhand,Lleyton Hewitt,6.0,,,,,,3.0,3.0,R,AUS
Lloyd Harris,52,39,13,13,10,6,4,2,193,113,78,930,0.43162461735953395,0.34611280487804874,0.47099358974358974,81,27,25.8,,,,,,,,,,,,,,,,,R,RSA
Lorenzo Musetti,51,34,14,12,3,7,4,2,185,112,70,1039,0.4549313858184825,0.0,0.49523297491039425,77,25,20.7,,,,,,,,Lorenzo Musetti,2.0,,,,,1.0,,1.0,R,ITA
Lorenzo Sonego,52,38,14,13,6,6,4,2,191,121,58,1228,0.46068426877302815,0.44607219224111594,0.4734972677595629,81,26,27.3,http://www.atpworldtour.com/en/players/lorenzo-sonego/su87/overview,,"Torino, Italy",1995-05-11,,73.0,Two-Handed Backhand,Lorenzo Sonego,3.0,,,,,1.0,1.0,1.0,R,ITA
Lucas Pouille,50,36,20,13,8,8,5,4,185,112,51,1466,0.4977883954478653,0.5261080497219959,0.17307770790435378,88,27,28.1,http://www.atpworldtour.com/en/players/lucas-pouille/pf39/overview,"Dubai, U.A.E.","Grande-Synthe, France",1994-02-23,2012.0,81.0,Two-Handed Backhand,Lucas Pouille,5.0,,,,,1.0,1.0,3.0,R,FRA
Luis Horna,52,38,14,13,6,7,4,3,180,110,73,580,0.3875639408788265,0.373790125736733,0.24795117698343505,81,26,27.9,http://www.atpworldtour.com/en/players/luis-horna/h390/overview,"Lima, Peru","Lima, Peru",1980-09-14,1998.0,82.0,One-Handed Backhand,Luis Horna,2.0,,,,,2.0,,,R,PER
Lukas Lacko,47,33,16,12,6,7,4,3,185,100,96,604,0.3030462905908987,0.30720229845229846,0.18792229729729726,80,26,31.3,http://www.atpworldtour.com/en/players/lukas-lacko/l797/overview,"Bratislava, Slovakia","Piestany, Slovakia",1987-11-03,2005.0,85.0,Two-Handed Backhand,,,,,,,,,,R,SVK
Lukas Rosol,49,35,17,13,6,7,5,3,196,101,71,804,0.3919201063495408,0.39659501485041054,0.0,84,26,36.9,http://www.atpworldtour.com/en/players/lukas-rosol/r685/overview,"Prague, Czech Republic","Brno, Czech Republic",1985-07-24,2004.0,84.0,Two-Handed Backhand,Lukas Rosol,2.0,,,,,1.0,,1.0,R,CZE
Lukasz Kubot,52,35,15,13,5,8,5,5,190,116,88,651,0.38636550099821465,0.40491472315182464,0.32220799726880894,83,26,32.7,http://www.atpworldtour.com/en/players/lukasz-kubot/k540/overview,"Lubin, Poland","Boleslawiec, Poland",1982-05-16,2002.0,86.0,Two-Handed Backhand,,,,,,,,,,R,POL
Mackenzie Mcdonald,53,37,15,13,5,8,5,3,178,113,97,736,0.4014037274453941,0.3543395525851666,0.40645208700764257,84,26,27.7,,,,,,,,,,,,,,,,,R,USA
Malek Jaziri,45,31,18,12,4,8,5,3,185,108,93,672,0.34175916760675173,0.35522144728556393,0.24739521667061332,82,25,37.1,http://www.atpworldtour.com/en/players/malek-jaziri/j267/overview,"Tunis, Tunisia","Bizerte, Tunisia",1984-01-20,2003.0,82.0,Two-Handed Backhand,,,,,,,,,,R,TUN
Marat Safin,50,36,18,13,8,7,4,3,193,113,45,1222,0.5062644136775987,0.5021728853142158,0.41482811051110025,85,28,29.7,http://www.atpworldtour.com/en/players/marat-safin/s741/overview,"Monte Carlo, Monaco","Moscow, Russia",1980-01-27,1997.0,88.0,Two-Handed Backhand,Marat Safin,,,1.0,,,,,1.0,R,RUS
Marc Gicquel,45,32,17,12,6,7,5,2,188,103,69,724,0.4064588782330718,0.4009753463993988,0.25688753269398434,80,25,36.8,http://www.atpworldtour.com/en/players/marc-gicquel/g436/overview,"Boulogne-Billancourt, France","Tunis, Tunisia",1977-03-30,1999.0,75.0,,,,,,,,,,,R,FRA
Marcel Granollers,48,33,15,12,4,7,4,2,190,112,59,927,0.4157729385479201,0.4200566387665469,0.3345960304325195,78,25,33.4,http://www.atpworldtour.com/en/players/marcel-granollers/g710/overview,"Barcelona, Spain","Barcelona, Spain",1986-04-12,2003.0,77.0,Two-Handed Backhand,Marcel Granollers,4.0,,,,,3.0,,1.0,R,ESP
Marco Cecchinato,53,37,14,13,4,7,4,2,185,105,73,1013,0.3645658005470229,0.3483333333333333,0.47750000000000004,82,26,30.2,http://www.atpworldtour.com/en/players/marco-cecchinato/cf01/overview,"Palermo, Italy","Palermo, Italy",1992-09-30,2010.0,78.0,One-Handed Backhand,Marco Cecchinato,3.0,,,,,3.0,,,R,ITA
Marco Chiudinelli,51,35,17,13,4,7,4,3,185,114,155,477,0.2847398705630413,0.2927850658113816,0.015151515151515152,83,26,36.1,http://www.atpworldtour.com/en/players/marco-chiudinelli/c582/overview,"Basel, Switzerland","Basel, Switzerland",1981-09-10,2000.0,85.0,Two-Handed Backhand,,,,,,,,,,R,SUI
Marcos Baghdatis,45,32,20,13,7,7,4,3,183,111,48,1093,0.5093002867489376,0.5202026470617634,0.350335453381429,82,26,34.0,http://www.atpworldtour.com/en/players/marcos-baghdatis/b837/overview,"Limassol, Cyprus","Limassol, Cyprus",1985-06-17,2003.0,82.0,Two-Handed Backhand,Marcos Baghdatis,4.0,,,,1.0,,,3.0,R,CYP
Marcos Giron,49,35,16,13,5,7,4,2,180,113,84,819,0.39504608294930876,0.2878343552830356,0.39967235074761953,82,26,29.5,http://www.atpworldtour.com/en/players/marcos-giron/gc88/overview,"Thousand Oaks,California,USA","Thousand Oaks,California, USA",1993-07-24,2014.0,77.0,Two-Handed Backhand,,,,,,,,,,R,USA
Mardy Fish,44,33,19,13,10,6,4,3,188,109,59,1384,0.556280376967569,0.5387159511851305,0.39776898840589636,79,26,33.6,http://www.atpworldtour.com/en/players/mardy-fish/f339/overview,"Los Angeles, California","Edina, Minnesota, USA",1981-12-09,2000.0,82.0,Two-Handed Backhand,Mardy Fish,5.0,,,,,1.0,1.0,3.0,R,USA
Marin Cilic,48,36,19,13,9,6,4,3,198,117,27,2307,0.6171718694599846,0.6238423595588882,0.5301166220168605,82,27,34.2,http://www.atpworldtour.com/en/players/marin-cilic/c977/overview,"Monte Carlo, Monaco","Medjugorje, Bosnia-Herzegovina",1988-09-28,2005.0,89.0,Two-Handed Backhand,Marin Cilic,17.0,,1.0,1.0,,2.0,2.0,15.0,R,CRO
Marinko Matosevic,47,32,15,12,4,8,5,3,194,103,84,659,0.3708753991549205,0.32382692363181925,0.34656895074550503,79,24,29.8,http://www.atpworldtour.com/en/players/marinko-matosevic/me05/overview,"Melbourne, Australia","Jajce, Bosnia-Herzegovina",1985-08-08,2003.0,86.0,Two-Handed Backhand,,,,,,,,,,R,AUS
Mario Ancic,48,36,15,12,9,6,3,2,196,110,41,1238,0.607472043824232,0.5972230018711575,0.4029930531367313,77,26,25.9,http://www.atpworldtour.com/en/players/mario-ancic/a385/overview,"Monte Carlo, Monaco","Split, Croatia",1984-03-30,2001.0,82.0,Two-Handed Backhand,Mario Ancic,3.0,,,,1.0,,2.0,,R,CRO
Marius Copil,48,35,18,13,11,7,4,3,193,108,135,486,0.3342592270598599,0.33539844930515983,0.6323086196503918,82,26,31.3,http://www.atpworldtour.com/en/players/marius-copil/ca99/overview,"Arad, Romania","Arad, Romania",1990-10-17,2008.0,86.0,One-Handed Backhand,,,,,,,,,,R,ROU
Martin Klizan,49,34,17,13,5,8,5,4,190,116,63,900,0.4339297678477836,0.4411841445100808,0.1421423588559332,83,26,30.1,http://www.atpworldtour.com/en/players/martin-klizan/k966/overview,"Bratislava, Slovakia","Bratislava, Slovakia",1989-07-11,2007.0,80.0,Two-Handed Backhand,Martin Klizan,6.0,,,,,4.0,,2.0,L,SVK
Martin Vassallo Arguello,52,34,12,12,3,8,5,3,183,114,81,710,0.2763799332530474,0.25521821631878555,0.3073687539531942,79,25,29.9,http://www.atpworldtour.com/en/players/martin-vassallo-arguello/v258/overview,"Buenos Aires, Argentina","Temperley, Argentina",1980-02-10,1999.0,80.0,One-Handed Backhand,,,,,,,,,,R,ARG
Marton Fucsovics,51,35,19,13,5,8,5,4,188,124,72,987,0.4669046609344154,0.4634458627878525,0.41590472719863325,86,27,30.9,http://www.atpworldtour.com/en/players/marton-fucsovics/f724/overview,"Budapest, Hungary","Nyiregyhaza, Hungary",1992-02-08,2010.0,82.0,Two-Handed Backhand,Marton Fucsovics,1.0,,,,,1.0,,,R,HUN
Matteo Berrettini,53,41,16,13,10,5,3,2,196,121,30,2421,0.6143726296104927,0.5556851035039099,0.6601825092754676,83,28,26.7,,,,,,,,Matteo Berrettini,7.0,,,,,3.0,4.0,,R,ITA
Matthew Ebden,47,34,14,12,6,7,4,5,188,98,117,595,0.31621510856293467,0.2560255986452552,0.37590843790932515,78,25,33.1,http://www.atpworldtour.com/en/players/matthew-ebden/e690/overview,"Perth, Australia","Durban, South Africa",1987-11-26,2006.0,80.0,Two-Handed Backhand,,,,,,,,,,R,AUS
Max Mirnyi,49,36,15,13,9,6,4,4,196,107,66,729,0.4117979416089057,0.4440335538752363,0.2395571658615137,80,28,31.0,http://www.atpworldtour.com/en/players/max-mirnyi/m595/overview,"Sarasota, FL, USA","Minsk, Belarus",1977-07-06,1996.0,93.0,One-Handed Backhand,,,,,,,,,,R,BLR
Michael Berrer,51,36,14,13,6,7,5,3,193,107,92,592,0.32221497138572325,0.3262849020912776,0.3119622664700099,81,26,36.0,http://www.atpworldtour.com/en/players/michael-berrer/b678/overview,"Stuttgart, Germany","Stuttgart, Germany",1980-07-01,1999.0,100.0,One-Handed Backhand,,,,,,,,,,L,GER
Michael Llodra,49,36,15,13,8,6,4,3,190,99,63,835,0.4118431753493672,0.4055874466903879,0.3604611869317751,79,26,33.4,http://www.atpworldtour.com/en/players/michael-llodra/l428/overview,"Bordeaux, France","Paris, France",1980-05-18,1999.0,80.0,One-Handed Backhand,Michael Llodra,4.0,,,,,,1.0,3.0,L,FRA
Michael Russell,49,33,13,12,2,8,4,3,173,107,98,543,0.32129484444735484,0.2775398604692936,0.38258341933264534,78,24,36.2,http://www.atpworldtour.com/en/players/michael-russell/r368/overview,"Houston, TX, USA","Detroit, MI, USA",1978-05-01,1998.0,70.0,Two-Handed Backhand,,,,,,,,,,R,USA
Michal Przysiezny,50,36,17,13,7,8,5,4,185,110,149,481,0.22683201058201052,0.24549999999999997,0.12902777777777774,87,28,31.6,http://www.atpworldtour.com/en/players/michal-przysiezny/p701/overview,"Wroclaw, Poland","Glogow, Poland",1984-02-16,2001.0,84.0,,,,,,,,,,,R,POL
Mikael Ymer,53,35,13,12,2,9,5,3,183,118,139,621,0.4287827864592356,0.2946169038334937,0.5279043230195304,82,25,24.3,http://www.atpworldtour.com/en/players/mikael-ymer/y268/overview,"Stockholm, Sweden","Skövde, Sweden",1998-09-09,2015.0,75.0,Two-Handed Backhand,,,,,,,,,,R,SWE
Mikhail Kukushkin,50,33,16,12,3,8,5,2,183,113,81,713,0.38881939699041124,0.4028165895142246,0.08272334834834835,83,26,34.7,http://www.atpworldtour.com/en/players/mikhail-kukushkin/k926/overview,"Astana, Kazakhstan","Volgograd, Russia",1987-12-26,2006.0,72.0,Two-Handed Backhand,Mikhail Kukushkin,1.0,,,,,,,1.0,R,KAZ
Mikhail Youzhny,50,35,16,13,4,7,4,3,183,115,36,1354,0.5065889545105147,0.53125464061215,0.19716078030199063,82,26,36.2,http://www.atpworldtour.com/en/players/mikhail-youzhny/y061/overview,"Moscow, Russia","Moscow, Russia",1982-06-25,1999.0,73.0,One-Handed Backhand,Mikhail Youzhny,8.0,,,,,2.0,,6.0,R,RUS
Milos Raonic,51,41,16,13,15,4,3,3,196,110,23,2601,0.655379893113362,0.658491788491536,0.6737543869742824,80,27,30.2,http://www.atpworldtour.com/en/players/milos-raonic/r975/overview,"Monte Carlo, Monaco","Podgorica, Montenegro",1990-12-27,2008.0,98.0,Two-Handed Backhand,Milos Raonic,8.0,,,,,,,8.0,R,CAN
Miomir Kecmanovic,49,34,16,12,4,7,5,2,183,109,55,1066,0.47105579605579606,0.4495915032679738,0.5428932178932179,80,25,23.3,,,,,,,,,,,,,,,,,R,SRB
Mischa Zverev,50,35,14,12,5,8,5,2,190,101,100,733,0.3779670158160808,0.37254034768217675,0.2981516581516581,79,25,31.8,http://www.atpworldtour.com/en/players/mischa-zverev/z168/overview,"Monte Carlo, Monaco","Moscow, Russia",1987-08-22,2005.0,88.0,Two-Handed Backhand,Mischa Zverev,1.0,,,,,,1.0,,L,GER
Nick Kyrgios,56,44,16,14,15,5,3,4,193,110,44,1372,0.6170072328009384,0.6196911006043121,0.6951614137086903,87,29,27.3,http://www.atpworldtour.com/en/players/nick-kyrgios/ke17/overview,"Canberra, AUS / Nassau, BAH","Canberra, Australia",1995-04-27,2013.0,85.0,Two-Handed Backhand,Nick Kyrgios,7.0,,,,,,,7.0,R,AUS
Nicolas Almagro,48,35,18,13,8,6,4,3,183,109,35,1553,0.5630851513039501,0.5785926114769313,0.3352822759092712,81,26,32.0,http://www.atpworldtour.com/en/players/nicolas-almagro/a479/overview,"Murcia, Spain","Murcia, Spain",1985-08-21,2003.0,86.0,One-Handed Backhand,Nicolas Almagro,12.0,,,,,12.0,,,R,ESP
Nicolas Jarry,54,40,16,13,10,7,4,3,198,113,124,692,0.4044338417073724,0.38303244006798076,0.3182169686257181,86,27,27.0,http://www.atpworldtour.com/en/players/nicolas-jarry/j551/overview,"Santiago, Chile","Santiago, Chile",1995-10-11,2014.0,87.0,Two-Handed Backhand,,,,,,,,,,R,CHI
Nicolas Kiefer,44,32,19,13,8,7,4,3,183,118,66,944,0.5221797839506173,0.544582982603816,0.3917403198653199,81,26,32.8,http://www.atpworldtour.com/en/players/nicolas-kiefer/k316/overview,"Sievershausen, Germany","Holzminden, Germany",1977-07-05,1995.0,80.0,Two-Handed Backhand,,,,,,,,,,R,GER
Nicolas Lapentti,50,34,15,13,4,8,5,2,188,125,99,521,0.35146533456853224,0.3403349543389988,0.20111459743242685,83,27,33.7,http://www.atpworldtour.com/en/players/nicolas-lapentti/l290/overview,"Guayaquil/Miami, Florida, USA","Guayaquil, Ecuador",1976-08-13,1995.0,86.0,Two-Handed Backhand,,,,,,,,,,R,ECU
Nicolas Mahut,50,37,16,13,7,7,4,3,190,109,83,658,0.4280820607132668,0.42542975899501406,0.48085970079232687,82,26,37.4,http://www.atpworldtour.com/en/players/nicolas-mahut/m873/overview,"Boulogne-Billancourt, France","Angers, France",1982-01-21,2000.0,80.0,One-Handed Backhand,Nicolas Mahut,4.0,,,,,,4.0,,R,FRA
Nicolas Massu,49,34,16,12,4,8,5,3,183,122,64,747,0.386568648428231,0.3786614945151531,0.10355162855162856,82,26,30.4,http://www.atpworldtour.com/en/players/nicolas-massu/m655/overview,"Vina del Mar, Chile","Vina del Mar, Chile",1979-10-10,1997.0,80.0,Two-Handed Backhand,Nicolas Massu,1.0,,,,,1.0,,,R,CHI
Nikolay Davydenko,50,35,13,12,3,7,4,3,178,108,17,2390,0.6157566678308282,0.6429788102503897,0.4171985001530456,76,25,32.9,http://www.atpworldtour.com/en/players/nikolay-davydenko/d402/overview,"Moscow, Russia","Severodonezk, Ukraine",1981-06-02,1999.0,70.0,Two-Handed Backhand,Nikolay Davydenko,13.0,1.0,,3.0,2.0,8.0,,7.0,R,RUS
Nikoloz Basilashvili,50,33,16,13,4,8,5,4,185,106,54,1225,0.4054016028066917,0.4150099637037127,0.24271148151540126,83,26,30.8,http://www.atpworldtour.com/en/players/nikoloz-basilashvili/bg23/overview,"Tbilisi, Georgia","Tbilisi, Georgia",1992-02-23,2008.0,79.0,Two-Handed Backhand,Nikoloz Basilashvili,5.0,,,,,3.0,,2.0,R,GEO
Novak Djokovic,51,38,15,13,6,5,3,2,188,118,6,9102,0.827320964670011,0.8184124212683936,0.9106935077204327,79,26,35.6,http://www.atpworldtour.com/en/players/novak-djokovic/d643/overview,"Monte Carlo, Monaco","Belgrade, Serbia",1987-05-22,2003.0,77.0,Two-Handed Backhand,Novak Djokovic,27.0,5.0,22.0,38.0,,17.0,8.0,67.0,R,SRB
Olivier Rochus,48,32,15,12,2,8,5,3,168,106,58,772,0.4134257903542616,0.4194048095563247,0.21673634336677813,78,25,32.1,http://www.atpworldtour.com/en/players/olivier-rochus/r397/overview,"Dion-Valmont, Belgium","Namur, Belgium",1981-01-18,1999.0,65.0,One-Handed Backhand,Olivier Rochus,1.0,,,,,1.0,,,R,BEL
Oscar Hernandez,48,31,13,12,3,8,5,3,180,107,80,647,0.30935374149659856,0.29839594928880636,0.2532924107142857,76,23,32.1,http://www.atpworldtour.com/en/players/oscar-hernandez/h472/overview,"Barcelona, Spain","Barcelona, Spain",1978-04-10,1998.0,70.0,One-Handed Backhand,,,,,,,,,,R,ESP
Pablo Andujar,50,32,14,12,2,8,5,3,180,114,73,821,0.375594608687421,0.37900915536454177,0.3521068704909454,79,25,36.6,http://www.atpworldtour.com/en/players/pablo-andujar/a596/overview,"Valencia, Spain","Cuenca, Spain",1986-01-23,2003.0,76.0,Two-Handed Backhand,Pablo Andujar,4.0,,,,,4.0,,,R,ESP
Pablo Carreno Busta,51,35,14,13,4,7,4,2,188,109,42,1551,0.515969559429249,0.4948199696582839,0.5935774547279817,80,25,31.4,http://www.atpworldtour.com/en/players/pablo-carreno-busta/cd85/overview,"Barcelona, Spain","Gijon, Spain",1991-07-12,2009.0,78.0,Two-Handed Backhand,Pablo Carreno Busta,6.0,,,1.0,,3.0,,4.0,R,ESP
Pablo Cuevas,47,34,16,12,6,7,4,3,180,106,65,1012,0.473967792792517,0.48809325494843564,0.37600417955816096,78,25,36.3,http://www.atpworldtour.com/en/players/pablo-cuevas/c882/overview,"Salto, Uruguay","Concordia, Argentina",1986-01-01,2004.0,80.0,One-Handed Backhand,Pablo Cuevas,5.0,,,,,5.0,,,R,URU
Paolo Lorenzi,46,32,16,12,4,8,5,3,183,113,69,799,0.3190402016307556,0.32344945178791584,0.2610085227272727,79,25,37.6,http://www.atpworldtour.com/en/players/paolo-lorenzi/l503/overview,"Siena, Italy","Rome, Italy",1981-12-15,2003.0,77.0,Two-Handed Backhand,Paolo Lorenzi,1.0,,,,,1.0,,,R,ITA
Paradorn Srichaphan,46,33,17,12,6,6,3,4,185,100,44,825,0.3645868183338909,0.3556547619047619,0.3392016045548655,79,26,27.5,http://www.atpworldtour.com/en/players/paradorn-srichaphan/s675/overview,"Bangkok, Thailand","Bangkok, Thailand",1979-06-14,1997.0,82.0,One-Handed Backhand,,,,,,,,,,R,THA
Paul Capdeville,49,33,14,12,4,8,4,3,190,102,123,450,0.2941773132815539,0.3200790558343364,0.2108774961597542,79,26,29.3,http://www.atpworldtour.com/en/players/paul-capdeville/c634/overview,"Vitacura, Chile","Santiago, Chile",1983-04-02,2002.0,78.0,Two-Handed Backhand,,,,,,,,,,R,CHI
Paul Henri Mathieu,47,33,19,13,5,7,4,3,185,114,66,846,0.4375935707639943,0.4447686393884861,0.23017294986397202,82,26,34.7,,,,,,,,Paul Henri Mathieu,2.0,,,,,2.0,,,R,FRA
Pedro Martinez,53,35,14,12,2,8,5,4,185,125,84,815,0.3608011606377619,0.27110566448801743,0.30616480922853473,84,25,25.4,http://www.atpworldtour.com/en/players/pedro-martinez/mo44/overview,Spain,"Alzira, Spain",1997-04-26,,70.0,Two-Handed Backhand,,,,,,,,,,R,ESP
Peter Gojowczyk,43,31,17,12,6,7,4,4,185,95,101,647,0.42389879019603366,0.4243050755655797,0.3687428675173773,78,25,32.9,http://www.atpworldtour.com/en/players/peter-gojowczyk/g967/overview,"Munich, Germany","Munich, Germany",1989-07-15,2006.0,83.0,Two-Handed Backhand,Peter Gojowczyk,1.0,,,,,,,1.0,R,GER
Peter Luczak,52,36,16,13,5,8,5,3,183,114,113,462,0.23205544826865074,0.25134165269758485,0.12786831812255542,85,27,31.8,http://www.atpworldtour.com/en/players/peter-luczak/l515/overview,"Melbourne, Australia","Warsaw, Poland",1979-08-31,2000.0,77.0,Two-Handed Backhand,,,,,,,,,,R,AUS
Philipp Kohlschreiber,48,34,17,12,6,6,4,2,178,107,39,1191,0.5242441693717216,0.5283259547162507,0.3474205611612674,79,26,38.2,http://www.atpworldtour.com/en/players/philipp-kohlschreiber/k435/overview,"Kitzbuehel, Austria","Augsburg, Germany",1983-10-16,2001.0,70.0,One-Handed Backhand,Philipp Kohlschreiber,7.0,,,,,6.0,,1.0,R,GER
Philipp Petzschner,48,35,19,13,8,7,4,3,185,109,78,777,0.4511441981302202,0.4726957166850063,0.08678733031674209,85,27,28.8,http://www.atpworldtour.com/en/players/philipp-petzschner/p624/overview,"Pulheim, Germany","Bayreuth, Germany",1984-03-24,2001.0,77.0,One-Handed Backhand,Philipp Petzschner,1.0,,,,,,,1.0,R,GER
Pierre Hugues Herbert,50,36,18,13,9,6,4,4,188,110,83,737,0.39887162490790495,0.4140541914120448,0.3783154121863799,84,27,31.1,,,,,,,,,,,,,,,,,R,FRA
Potito Starace,53,36,11,12,3,7,4,2,188,102,70,730,0.3976064637522971,0.3846076146076146,0.08363858363858363,77,24,32.6,http://www.atpworldtour.com/en/players/potito-starace/s843/overview,"Cervinara, Italy","Benevento, Italy",1981-07-14,2001.0,84.0,Two-Handed Backhand,,,,,,,,,,R,ITA
Radek Stepanek,49,36,15,12,6,7,4,3,185,110,43,1219,0.5391754805113459,0.5528831395382097,0.43316847602387326,79,26,37.8,http://www.atpworldtour.com/en/players/radek-stepanek/s694/overview,"Monte-Carlo, Monaco","Karvina, Czech Republic",1978-11-27,1996.0,76.0,Two-Handed Backhand,Radek Stepanek,5.0,,,,,,,5.0,R,CZE
Radu Albot,52,35,15,13,3,8,4,3,175,115,89,719,0.35902325441211824,0.37406578899116205,0.3171078727981713,83,26,32.8,http://www.atpworldtour.com/en/players/radu-albot/a829/overview,"Chisinau, Moldova","Chisinau, Moldova",1989-11-11,2008.0,69.0,Two-Handed Backhand,Radu Albot,1.0,,,,,,,1.0,R,MDA
Rafael Nadal,51,37,14,12,3,5,3,2,185,121,3,7553,0.8270456312253219,0.8323609882881291,0.7337172479611314,76,25,36.4,http://www.atpworldtour.com/en/players/rafael-nadal/n409/overview,"Manacor, Mallorca, Spain","Manacor, Mallorca, Spain",1986-06-03,2001.0,85.0,Two-Handed Backhand,Rafael Nadal,32.0,,21.0,33.0,,60.0,4.0,22.0,L,ESP
Rainer Schuettler,48,33,16,12,3,8,5,3,180,108,76,777,0.33784703343436817,0.3426183438565994,0.2588475517134427,81,25,35.1,http://www.atpworldtour.com/en/players/rainer-schuettler/s636/overview,"Altstaetten, Switzerland","Korbach, Germany",1976-04-25,1995.0,75.0,Two-Handed Backhand,,,,,,,,,,R,GER
Rajeev Ram,52,37,16,13,8,7,4,3,193,105,128,480,0.3166166353971232,0.2850464396284829,0.311342383107089,86,27,32.2,http://www.atpworldtour.com/en/players/rajeev-ram/r548/overview,"Carmel, IN, USA","Denver, CO, USA",1984-03-18,2004.0,82.0,One-Handed Backhand,Rajeev Ram,2.0,,,,,,2.0,,R,USA
Reilly Opelka,54,43,17,14,18,4,3,3,211,110,91,1257,0.4888228661164441,0.465212246978302,0.5259092398427261,85,28,24.6,http://www.atpworldtour.com/en/players/reilly-opelka/o522/overview,"Palm Coast, FL, USA","St. Joseph, MI, USA",1997-08-28,2015.0,100.0,Two-Handed Backhand,Reilly Opelka,2.0,,,,,1.0,,1.0,R,USA
Ricardas Berankis,49,35,19,13,5,7,4,3,175,111,102,602,0.38746910974951365,0.3899590053574845,0.38850999336932834,85,27,32.0,http://www.atpworldtour.com/en/players/ricardas-berankis/be90/overview,"Vilnius, LTU/Bradenton, FL, US","Vilnius, Lithuania",1990-06-21,2007.0,70.0,Two-Handed Backhand,,,,,,,,,,R,LTU
Ricardo Mello,49,33,15,12,3,8,5,3,175,106,104,514,0.3108103197674419,0.29810855263157887,0.2016369047619047,81,26,31.1,http://www.atpworldtour.com/en/players/ricardo-mello/m708/overview,"Campinas, Brazil","Campinas, Brazil",1980-12-21,1999.0,73.0,Two-Handed Backhand,,,,,,,,,,L,BRA
Richard Gasquet,48,35,16,12,5,6,3,2,185,105,28,1660,0.5956953797827857,0.5940161668563408,0.5899519583562649,77,25,36.5,http://www.atpworldtour.com/en/players/richard-gasquet/g628/overview,"Neuchatel, Switzerland","Beziers, France",1986-06-18,2002.0,75.0,One-Handed Backhand,Richard Gasquet,15.0,,,,1.0,3.0,3.0,8.0,R,FRA
Robby Ginepri,51,36,15,13,5,7,4,2,183,101,97,671,0.41612558321011106,0.41242496998799516,0.29670868347338936,83,26,31.8,http://www.atpworldtour.com/en/players/robby-ginepri/g569/overview,"Kennesaw, GA, USA","Fort Lauderdale, FL, USA",1982-10-07,2001.0,79.0,Two-Handed Backhand,Robby Ginepri,1.0,,,,,,,1.0,R,USA
Roberto Bautista Agut,52,37,15,13,3,7,4,2,183,112,26,1823,0.6041239378824564,0.6142718964958098,0.5430650124582335,80,26,34.7,http://www.atpworldtour.com/en/players/roberto-bautista-agut/bd06/overview,"Castellon de la Plana, Spain","Castellon de la Plana, Spain",1988-04-14,2005.0,76.0,Two-Handed Backhand,Roberto Bautista Agut,10.0,,,,,1.0,1.0,8.0,R,ESP
Roberto Carballes Baena,48,33,14,12,3,8,4,3,183,116,99,666,0.3275010617189801,0.3501713886590011,0.29042919799498745,79,25,28.4,http://www.atpworldtour.com/en/players/roberto-carballes-baena/cf59/overview,"Granada, Spain","Tenerife, Spain",1993-03-23,2011.0,76.0,Two-Handed Backhand,Roberto Carballes Baena,1.0,,,,,1.0,,,R,ESP
Robin Haase,48,35,16,13,6,7,5,3,190,104,80,770,0.38779307965070003,0.39151160693573606,0.05095556228031377,81,26,35.1,http://www.atpworldtour.com/en/players/robin-haase/h756/overview,"Turnhout, Belgium","The Hague, The Netherlands",1987-04-06,2005.0,71.0,Two-Handed Backhand,Robin Haase,2.0,,,,,2.0,,,R,NED
Robin Soderling,47,36,16,12,9,6,4,3,193,100,24,2559,0.6468462180393056,0.5738957680250785,0.7619784099279449,78,25,26.9,http://www.atpworldtour.com/en/players/robin-soderling/sa49/overview,"Monte Carlo, Monaco","Tibro, Sweden",1984-08-14,2001.0,87.0,Two-Handed Backhand,Robin Soderling,8.0,,,1.0,2.0,3.0,,4.0,R,SWE
Roger Federer,50,39,17,13,8,4,3,2,185,106,3,7692,0.844974500355477,0.8413841281776564,0.5390591159034033,79,27,38.4,http://www.atpworldtour.com/en/players/roger-federer/f324/overview,Switzerland,"Basel, Switzerland",1981-08-08,1998.0,85.0,One-Handed Backhand,Roger Federer,35.0,4.0,15.0,24.0,1.0,6.0,15.0,56.0,R,SUI
Ruben Ramirez Hidalgo,44,29,16,12,3,9,5,4,183,110,97,546,0.30105521740860086,0.2990566612609956,0.35316624895572263,80,24,36.0,http://www.atpworldtour.com/en/players/ruben-ramirez-hidalgo/r383/overview,"Alicante, Spain","Alicante, Spain",1978-01-06,1998.0,74.0,Two-Handed Backhand,,,,,,,,,,R,ESP
Ryan Harrison,49,36,16,13,7,7,5,4,183,108,107,637,0.4104529401269582,0.4117830347977251,0.27703015168331485,82,26,27.7,http://www.atpworldtour.com/en/players/ryan-harrison/h940/overview,"Austin, TX, USA","Shreveport, LA, USA",1992-05-07,2007.0,84.0,Two-Handed Backhand,Ryan Harrison,1.0,,,,,,,1.0,R,USA
Sam Querrey,49,38,17,13,12,6,3,3,198,101,50,1167,0.5172226199662224,0.5296448932667221,0.06593336954553686,82,27,33.6,http://www.atpworldtour.com/en/players/sam-querrey/q927/overview,"Santa Monica, CA, USA","San Francisco, CA, USA",1987-10-07,2006.0,95.0,Two-Handed Backhand,Sam Querrey,9.0,,,,,1.0,1.0,7.0,R,USA
Santiago Giraldo,49,34,15,12,4,7,4,2,188,105,76,773,0.38813651824648715,0.3999623365883167,0.13014981273408238,80,26,31.9,http://www.atpworldtour.com/en/players/santiago-giraldo/g725/overview,"Pereira, Colombia","Pereira, Colombia",1987-11-27,2004.0,75.0,Two-Handed Backhand,,,,,,,,,,R,COL
Sebastian Korda,51,37,15,12,6,7,4,2,196,113,65,1069,0.6060223856325806,0.34811165845648606,0.6411014836969271,80,25,22.2,,,,,,,,Sebastian Korda,1.0,,,,,1.0,,,R,USA
Sebastien Grosjean,50,36,20,14,6,7,4,2,175,121,63,904,0.4903099716529853,0.5223749007992744,0.3809624697336561,88,28,30.1,http://www.atpworldtour.com/en/players/sebastien-grosjean/g379/overview,"Boca Raton, Florida, USA","Marseille, France",1978-05-29,1996.0,73.0,Two-Handed Backhand,Sebastien Grosjean,1.0,,,,1.0,,,,R,FRA
Sergiy Stakhovsky,51,36,15,13,6,7,4,3,193,107,85,706,0.36670241576546747,0.3643262712394356,0.12115293560606061,82,27,33.1,http://www.atpworldtour.com/en/players/sergiy-stakhovsky/sc77/overview,"Kharkov, Ukraine","Kiev, Ukraine",1986-01-06,2003.0,80.0,One-Handed Backhand,Sergiy Stakhovsky,4.0,,,,,,1.0,3.0,R,UKR
Simon Greul,45,30,16,12,3,8,5,4,185,101,80,619,0.3087706548347613,0.2288781163434903,0.39400584795321636,79,24,29.2,http://www.atpworldtour.com/en/players/simon-greul/g511/overview,"Stuttgart, Germany","Stuttgart, Germany",1981-04-13,2000.0,80.0,,,,,,,,,,,R,GER
Simone Bolelli,52,37,15,13,4,7,4,2,183,112,83,717,0.3847510425548574,0.38470895840303565,0.37126886984904117,82,27,32.0,http://www.atpworldtour.com/en/players/simone-bolelli/ba98/overview,"Monte Carlo, Monaco","Bologna, Italy",1985-10-08,2003.0,83.0,One-Handed Backhand,,,,,,,,,,R,ITA
Somdev Devvarman,45,31,15,11,4,7,4,2,180,103,174,448,0.3587952898550725,0.36763709361535446,0.22927536231884058,75,24,29.8,http://www.atpworldtour.com/en/players/somdev-devvarman/d616/overview,"Charlottesville,VA, U.S.A.","Assam, India",1985-02-13,2008.0,73.0,Two-Handed Backhand,,,,,,,,,,R,IND
Soon Woo Kwon,44,31,14,12,5,6,3,3,180,104,80,796,0.44358100915477966,0.30265386787125914,0.5272727272727273,74,24,24.6,http://www.atpworldtour.com/en/players/soon-woo-kwon/kf17/overview,"Seoul, South Korea","Sangju, South Korea",1997-12-02,2015.0,72.0,Two-Handed Backhand,Soon Woo Kwon,2.0,,,,,,,2.0,R,KOR
Stan Wawrinka,52,38,20,14,8,7,4,3,183,120,29,2738,0.6158937929024793,0.6130009813894627,0.35209378715514983,88,29,37.2,http://www.atpworldtour.com/en/players/stan-wawrinka/w367/overview,"St. Barthelemy, Switzerland","Lausanne, Switzerland",1985-03-28,2002.0,81.0,One-Handed Backhand,Stan Wawrinka,11.0,,3.0,1.0,,6.0,,9.0,R,SUI
Stefan Koubek,47,32,16,12,4,9,5,3,175,98,119,445,0.37025374385865456,0.3145181405895691,0.200609410430839,81,25,33.2,http://www.atpworldtour.com/en/players/stefan-koubek/k310/overview,"Vienna, Austria","Klagenfurt, Austria",1977-01-02,1994.0,68.0,,,,,,,,,,,L,AUT
Stefanos Tsitsipas,53,40,17,14,8,5,3,2,193,121,13,4734,0.6684771956610507,0.6157858083088026,0.7334713000214423,83,28,24.2,http://www.atpworldtour.com/en/players/stefanos-tsitsipas/te51/overview,"Athens, Greece","Athens, Greece",1998-08-12,2016.0,83.0,One-Handed Backhand,Stefanos Tsitsipas,6.0,2.0,,2.0,,4.0,1.0,5.0,R,GRE
Stephane Robert,44,30,17,13,4,9,5,5,185,101,115,573,0.26078845397027217,0.23686346548188653,0.13400587507730363,83,26,37.0,http://www.atpworldtour.com/en/players/stephane-robert/r612/overview,"Valletta, Malta","Montargis, France",1980-05-17,2001.0,77.0,Two-Handed Backhand,,,,,,,,,,R,FRA
Steve Darcis,50,35,16,13,5,7,4,2,178,108,92,670,0.4433741421976716,0.4409421577939202,0.2467032967032967,82,27,33.2,http://www.atpworldtour.com/en/players/steve-darcis/d632/overview,"Anthisnes, Belgium","Liege, Belgium",1984-03-13,2003.0,77.0,One-Handed Backhand,Steve Darcis,1.0,,,,,,,1.0,R,BEL
Steve Johnson,50,37,19,13,8,6,4,3,188,111,68,970,0.46576605309064273,0.4810514802416777,0.3662886084628445,85,27,32.6,http://www.atpworldtour.com/en/players/steve-johnson/j386/overview,"Redondo Beach, CA, USA","Orange, CA, USA",1989-12-24,2012.0,86.0,Two-Handed Backhand,Steve Johnson,3.0,,,,,2.0,1.0,,R,USA
Taro Daniel,48,34,14,12,3,8,5,3,191,114,113,559,0.3156336960842775,0.30617328811369504,0.39200062292358806,80,25,29.6,http://www.atpworldtour.com/en/players/taro-daniel/da81/overview,"Valencia, Spain","New York, NY, USA",1993-01-27,2010.0,76.0,Two-Handed Backhand,Taro Daniel,1.0,,,,,1.0,,,R,JPN
Tatsuma Ito,47,29,21,13,4,11,7,3,180,105,118,485,0.2570276644569097,0.27126999448428024,0.0,86,26,27.3,http://www.atpworldtour.com/en/players/tatsuma-ito/i230/overview,"Tokyo, Japan","Mie, Japan",1988-05-18,2006.0,75.0,Two-Handed Backhand,,,,,,,,,,R,JPN
Taylor Dent,46,36,18,13,8,5,3,6,188,99,142,694,0.4374864266168614,0.5175167574361123,0.35146809712027105,82,26,29.3,http://www.atpworldtour.com/en/players/taylor-dent/d362/overview,"Bradenton, FL, USA","Newport Beach, CA, USA",1981-04-24,1998.0,88.0,One-Handed Backhand,,,,,,,,,,R,USA
Taylor Fritz,48,35,16,12,9,5,3,2,193,104,56,1400,0.5176443053906156,0.43125609450851826,0.6799325722631068,79,25,24.9,http://www.atpworldtour.com/en/players/taylor-fritz/fb98/overview,"Palos Verdes, CA, USA","Rancho Santa Fe, CA, USA",1997-10-28,2015.0,84.0,Two-Handed Backhand,Taylor Fritz,3.0,,,1.0,,,1.0,3.0,R,USA
Tennys Sandgren,57,40,22,15,9,6,4,4,188,131,72,845,0.3539633009789167,0.3936147539496834,0.2575354609929078,96,30,30.2,http://www.atpworldtour.com/en/players/tennys-sandgren/sl08/overview,"Gallatin, TN, USA","Gallatin, TN, USA",1991-07-22,2011.0,87.0,Two-Handed Backhand,Tennys Sandgren,1.0,,,,,,,1.0,R,USA
Teymuraz Gabashvili,47,32,17,12,5,9,5,5,188,110,90,626,0.33638318943846324,0.34160615926723004,0.017904509283819627,82,26,32.0,http://www.atpworldtour.com/en/players/teymuraz-gabashvili/g681/overview,"Moscow, Russia","Tbilisi, Georgia",1985-05-23,2001.0,83.0,Two-Handed Backhand,,,,,,,,,,R,RUS
Thanasi Kokkinakis,55,40,19,14,14,5,3,5,196,132,322,269,0.41098484848484845,0.38872173269336385,0.35422405876951324,87,30,21.3,http://www.atpworldtour.com/en/players/thanasi-kokkinakis/kd46/overview,"Adelaide, Australia","Adelaide, Australia",1996-04-10,2013.0,82.0,Two-Handed Backhand,,,,,,,,,,R,AUS
Thiago Monteiro,50,36,14,13,5,7,4,2,183,112,98,642,0.3243809523809523,0.2504901885340515,0.37786030341340077,78,26,28.0,http://www.atpworldtour.com/en/players/thiago-monteiro/mj08/overview,"Rio de Janeiro, Brazil","Fortaleza, Brazil",1994-05-31,2011.0,78.0,Two-Handed Backhand,,,,,,,,,,L,BRA
Thiemo De Bakker,45,32,15,12,7,7,5,2,193,100,140,505,0.36131771799628937,0.3806474233529028,0.3473333333333333,77,24,25.4,,,,,,,,,,,,,,,,,R,NED
Thomas Johansson,48,35,18,13,8,6,4,2,180,107,43,985,0.4672688711590496,0.510055859195685,0.3153396020243846,82,26,33.2,http://www.atpworldtour.com/en/players/thomas-johansson/j129/overview,"Monte Carlo, Monaco","Linkoping, Sweden",1975-03-24,1994.0,80.0,Two-Handed Backhand,Thomas Johansson,1.0,,,,1.0,,,,R,SWE
Thomaz Bellucci,48,34,17,13,6,7,4,4,188,117,59,945,0.4215345268146893,0.43854194865317214,0.12266614440527485,82,27,30.1,http://www.atpworldtour.com/en/players/thomaz-bellucci/bd20/overview,"Sao Paulo, Brazil","Tiete, Brazil",1987-12-30,2005.0,82.0,Two-Handed Backhand,Thomaz Bellucci,4.0,,,,,4.0,,,L,BRA
Tim Henman,49,35,15,12,5,7,5,3,185,107,32,1353,0.4996036464526358,0.5627394636015326,0.48440065681444994,79,25,31.4,http://www.atpworldtour.com/en/players/tim-henman/h336/overview,"London, England","Oxford, England",1974-09-06,1993.0,77.0,One-Handed Backhand,,,,,,,,,,R,GBR
Tim Smyczek,49,33,17,13,5,9,5,3,175,109,128,482,0.29186211410494156,0.30252144303214923,0.2881414701803051,84,26,28.6,http://www.atpworldtour.com/en/players/tim-smyczek/sf62/overview,"Tampa, FL, USA","Milwaukee, WI, USA",1987-12-30,2006.0,73.0,Two-Handed Backhand,,,,,,,,,,R,USA
Tobias Kamke,44,28,15,11,2,8,5,3,180,100,93,592,0.3255578093306288,0.3198268842420689,0.051470588235294115,75,23,28.7,http://www.atpworldtour.com/en/players/tobias-kamke/k839/overview,"Hamburg, Germany","Lubeck, Germany",1986-05-21,2004.0,76.0,Two-Handed Backhand,,,,,,,,,,R,GER
Tomas Berdych,44,33,17,12,8,5,3,3,196,105,13,3165,0.632853047662023,0.6389843000513091,0.42753208386928937,75,25,32.5,http://www.atpworldtour.com/en/players/tomas-berdych/ba47/overview,"Monte Carlo, Monaco","Valasske Mezirici, CZE",1985-09-17,2002.0,91.0,Two-Handed Backhand,Tomas Berdych,12.0,,,1.0,1.0,2.0,1.0,9.0,R,CZE
Tommy Haas,48,36,16,13,7,6,4,3,188,103,53,1454,0.5669174414469231,0.5825866654665699,0.11401769621497623,79,25,35.3,http://www.atpworldtour.com/en/players/tommy-haas/h355/overview,"Bradenton & Los Angeles, USA","Hamburg, Germany",1978-04-03,1996.0,84.0,One-Handed Backhand,Tommy Haas,9.0,,,,,2.0,2.0,5.0,R,GER
Tommy Paul,48,36,17,13,4,5,4,1,185,113,62,1083,0.5094896300882217,0.41463414634146334,0.5677016645326505,81,25,25.2,http://www.atpworldtour.com/en/players/tommy-paul/pl56/overview,"Greenville, NC, USA","Voorhees, NJ, USA",1997-05-17,2015.0,78.0,Two-Handed Backhand,Tommy Paul,1.0,,,,,,,1.0,R,USA
Tommy Robredo,47,34,14,12,4,6,4,2,180,103,38,1620,0.555798757947193,0.5637497605930625,0.13590158816872827,74,24,34.9,http://www.atpworldtour.com/en/players/tommy-robredo/r419/overview,"San Cugat del Valles, Spain","Hostalric, Spain",1982-05-01,1998.0,75.0,One-Handed Backhand,Tommy Robredo,9.0,,,1.0,,9.0,,1.0,R,ESP
Ugo Humbert,53,37,15,13,8,7,4,3,188,117,46,1269,0.4181565170940171,0.420026455026455,0.3902777777777777,81,27,22.8,,,,,,,,Ugo Humbert,3.0,,,,,,1.0,2.0,L,FRA
Vasek Pospisil,51,39,19,14,10,5,3,4,193,111,72,821,0.4114258606668474,0.44038066929731134,0.048646125116713346,88,29,26.7,http://www.atpworldtour.com/en/players/vasek-pospisil/pd07/overview,"Freeport, The Bahamas","Vernon, Canada",1990-06-23,2007.0,84.0,Two-Handed Backhand,,,,,,,,,,R,CAN
Victor Estrella,49,34,14,12,4,9,5,3,173,96,71,775,0.3472403474376172,0.39843142338605136,0.18103448275862066,80,25,34.9,,,,,,,,Victor Estrella,3.0,,,,,3.0,,,R,DOM
Victor Hanescu,49,34,11,12,3,8,5,2,198,97,65,949,0.39172721464333515,0.393331521899861,0.38091542845511905,74,24,29.7,http://www.atpworldtour.com/en/players/victor-hanescu/h528/overview,"Bucharest, Romania","Bucharest, Romania",1981-07-21,2000.0,88.0,One-Handed Backhand,Victor Hanescu,1.0,,,,,1.0,,,R,ROU
Viktor Troicki,47,34,14,12,10,6,4,3,193,103,39,1326,0.4742118704414254,0.4803655184902821,0.151673640167364,77,25,30.8,http://www.atpworldtour.com/en/players/viktor-troicki/t840/overview,"Belgrade, Serbia","Belgrade, Serbia",1986-02-10,2006.0,86.0,Two-Handed Backhand,Viktor Troicki,5.0,,,,,2.0,,3.0,R,SRB
Vincent Spadea,45,28,14,11,2,11,7,3,183,95,63,706,0.33733540764790765,0.30518324268324265,0.022727272727272728,78,23,32.5,http://www.atpworldtour.com/en/players/vincent-spadea/s544/overview,"Boca Raton, Florida, USA","Chicago, Illinois, USA",1974-07-19,1993.0,77.0,Two-Handed Backhand,,,,,,,,,,R,USA
Xavier Malisse,43,32,15,11,7,5,3,2,185,95,64,793,0.458214181090195,0.46358109857358454,0.3490515390121689,71,23,32.9,http://www.atpworldtour.com/en/players/xavier-malisse/m680/overview,"Sarasota, Florida, USA","Kortrijk, Belgium",1980-07-19,1998.0,83.0,Two-Handed Backhand,Xavier Malisse,2.0,,,,,,,2.0,R,BEL
Yen Hsun Lu,48,34,14,12,4,9,6,4,180,124,83,700,0.34168214014137377,0.34542865944176365,0.22139084507042253,79,24,28.3,,,,,,,,,,,,,,,,,R,TPE
